"","retention","school_MS","sex_M","age","address_U","famsize_LE3","Mjob_health","Mjob_other","Mjob_services","Mjob_teacher","Pstatus_T","Medu","Fedu","internet_yes","schoolsup_yes","famsup_yes","paid_yes","activities_yes","romantic_yes","traveltime","studytime","failures","famrel","freetime","goout","Dalc","Walc","health","absences","G1","G2","G3"
"1",1,0,0,18,1,0,0,0,0,0,0,4,4,0,1,0,0,0,0,2,2,0,4,3,4,1,1,3,4,0,11,11
"2",1,0,0,17,1,0,0,0,0,0,1,1,1,1,0,1,0,0,0,1,2,0,5,3,3,1,1,3,2,9,11,11
"3",1,0,0,15,1,1,0,0,0,0,1,1,1,1,1,0,0,0,0,1,2,0,4,3,2,2,3,3,6,12,13,12
"4",0,0,0,15,1,0,1,0,0,0,1,4,2,1,0,1,0,1,1,1,3,0,3,2,2,1,1,5,0,14,14,14
"5",1,0,0,16,1,0,0,1,0,0,1,3,3,0,0,1,0,0,0,1,2,0,4,3,2,1,2,5,0,11,13,13
"6",1,0,1,16,1,1,0,0,1,0,1,4,3,1,0,1,0,1,0,1,2,0,5,4,2,1,2,5,6,12,12,13
"7",1,0,1,16,1,1,0,1,0,0,1,2,2,1,0,0,0,0,0,1,2,0,4,4,4,1,1,3,0,13,12,13
"8",1,0,0,17,1,0,0,1,0,0,0,4,4,0,1,1,0,0,0,2,2,0,4,1,4,1,1,1,2,10,13,13
"9",1,0,1,15,1,1,0,0,1,0,0,3,2,1,0,1,0,0,0,1,2,0,4,2,2,1,1,1,0,15,16,17
"10",1,0,1,15,1,0,0,1,0,0,1,3,4,1,0,1,0,1,0,1,2,0,5,5,1,1,1,5,0,12,12,13
"11",1,0,0,15,1,0,0,0,0,1,1,4,4,1,0,1,0,0,0,1,2,0,3,3,3,1,2,2,2,14,14,14
"12",1,0,0,15,1,0,0,0,1,0,1,2,1,1,0,1,0,1,0,3,3,0,5,2,2,1,1,4,0,10,12,13
"13",1,0,1,15,1,1,1,0,0,0,1,4,4,1,0,1,0,1,0,1,1,0,4,3,3,1,3,5,0,12,13,12
"14",1,0,1,15,1,0,0,0,0,1,1,4,3,1,0,1,0,0,0,2,2,0,5,4,3,1,2,3,0,12,12,13
"15",1,0,1,15,1,0,0,1,0,0,0,2,2,1,0,1,0,0,1,1,3,0,4,5,2,1,1,3,0,14,14,15
"16",1,0,0,16,1,0,1,0,0,0,1,4,4,1,0,1,0,0,0,1,1,0,4,4,4,1,2,2,6,17,17,17
"17",1,0,0,16,1,0,0,0,1,0,1,4,4,1,0,1,0,1,0,1,3,0,3,2,3,1,2,2,10,13,13,14
"18",1,0,0,16,1,0,0,1,0,0,1,3,3,0,1,1,0,1,0,3,2,0,5,3,2,1,1,4,2,13,14,14
"19",1,0,1,17,1,0,0,0,1,0,1,3,2,1,0,1,1,1,0,1,1,3,5,5,5,2,4,5,2,8,8,7
"20",1,0,1,16,1,1,1,0,0,0,1,4,3,1,0,0,0,1,0,1,1,0,3,1,3,1,3,5,6,12,12,12
"21",1,0,1,15,1,0,0,0,0,1,1,4,3,1,0,0,0,0,0,1,2,0,4,4,1,1,1,1,0,12,13,14
"22",1,0,1,15,1,0,1,0,0,0,1,4,4,1,0,1,1,0,0,1,1,0,5,4,2,1,1,5,0,11,12,12
"23",1,0,1,16,1,1,0,0,0,1,1,4,2,1,0,0,0,1,0,1,2,0,4,5,1,1,3,5,0,12,13,14
"24",1,0,1,16,1,1,0,1,0,0,1,2,2,1,0,1,0,1,0,2,2,0,5,4,4,2,4,5,2,10,10,10
"25",1,0,0,15,0,0,0,0,1,0,1,2,4,1,1,1,0,1,0,1,3,0,4,3,2,1,1,5,2,10,11,10
"26",1,0,0,16,1,0,0,0,1,0,1,2,2,1,0,1,0,0,0,1,1,0,1,2,2,1,3,5,6,10,11,12
"27",1,0,1,15,1,0,0,1,0,0,1,2,2,1,0,1,0,0,0,1,1,0,4,2,2,1,2,5,8,11,12,12
"28",0,0,1,15,1,0,1,0,0,0,1,4,2,1,0,0,0,0,0,1,1,0,2,2,4,2,4,1,0,11,11,11
"29",0,0,1,16,1,1,0,0,1,0,0,3,4,1,1,1,1,1,0,1,2,0,5,3,3,1,1,5,2,12,12,13
"30",1,0,1,16,1,0,0,0,0,1,1,4,4,1,0,1,1,1,1,1,2,0,4,4,5,5,5,5,4,12,11,12
"31",1,0,1,15,1,0,1,0,0,0,1,4,4,1,0,1,1,0,0,1,2,0,5,4,2,3,4,5,0,10,11,11
"32",1,0,1,15,1,0,0,0,1,0,1,4,4,1,0,1,0,1,0,2,2,0,4,3,1,1,1,5,2,15,15,15
"33",1,0,1,15,0,0,0,0,0,1,1,4,3,1,0,1,0,1,1,1,2,0,4,5,2,1,1,5,0,13,14,15
"34",1,0,1,15,1,1,0,1,0,0,1,3,3,1,0,0,0,1,0,1,2,0,5,3,2,1,1,2,0,13,12,12
"35",1,0,1,16,1,0,0,1,0,0,1,3,2,1,0,1,0,0,0,1,1,0,5,4,3,1,1,5,4,12,12,12
"36",1,0,0,15,1,0,0,1,0,0,1,2,3,0,0,1,0,1,0,2,1,0,3,5,1,1,1,5,4,11,11,11
"37",1,0,1,15,1,1,0,0,0,1,1,4,3,1,0,1,0,1,0,1,3,0,5,4,3,1,1,4,0,14,14,14
"38",1,0,1,16,0,0,0,1,0,0,0,4,4,1,0,1,0,1,1,2,3,0,2,4,3,1,1,5,4,13,13,13
"39",0,0,0,15,0,0,0,0,1,0,1,3,4,1,1,1,0,1,0,1,3,0,4,3,2,1,1,5,2,11,12,12
"40",1,0,0,15,0,0,0,0,0,0,1,2,2,0,1,1,0,1,0,1,1,0,4,3,1,1,1,2,8,14,13,12
"41",0,0,0,16,1,1,0,1,0,0,1,2,2,1,0,1,0,1,1,2,2,0,3,3,3,1,2,3,16,11,11,10
"42",0,0,1,15,1,1,0,0,0,1,1,4,4,1,0,1,0,0,1,1,1,0,5,4,3,2,4,5,8,10,11,11
"43",1,0,1,15,1,0,0,0,1,0,1,4,4,1,0,1,0,1,0,1,2,0,4,3,3,1,1,5,0,14,15,15
"44",1,0,1,15,1,0,0,0,1,0,1,2,2,1,1,1,0,0,0,1,1,0,5,4,1,1,1,1,0,9,10,10
"45",1,0,0,16,1,1,0,1,0,0,1,2,2,1,1,0,0,1,0,2,2,1,4,3,3,2,2,5,14,10,11,11
"46",0,0,0,15,1,1,0,1,0,0,0,4,3,1,1,1,1,1,1,1,2,0,5,2,2,1,1,5,4,10,11,11
"47",1,0,0,16,1,1,0,1,0,0,0,3,3,1,0,1,0,0,0,1,2,0,2,3,5,1,4,3,6,13,12,13
"48",1,0,1,16,1,0,1,0,0,0,1,4,3,1,0,0,0,1,0,1,4,0,4,2,2,1,1,2,2,17,17,17
"49",0,0,1,15,1,0,0,0,0,1,1,4,2,0,0,1,0,0,0,1,2,0,4,3,3,2,2,5,4,11,12,13
"50",1,0,0,15,1,0,0,0,1,0,1,4,4,1,1,1,0,1,0,1,2,0,4,4,4,1,1,3,2,13,12,12
"51",1,0,0,16,1,1,0,0,1,0,1,2,2,1,0,1,0,0,0,3,2,0,4,3,3,2,3,4,0,14,13,13
"52",1,0,0,15,1,1,1,0,0,0,1,4,2,1,0,1,0,0,0,1,2,0,4,3,3,1,1,5,0,16,14,16
"53",1,0,1,15,1,1,1,0,0,0,0,4,2,0,0,0,0,0,0,2,1,0,5,5,5,3,4,5,4,10,9,9
"54",0,0,0,15,1,0,0,0,1,0,1,4,4,1,1,1,0,0,0,1,1,0,3,3,4,2,3,5,0,13,12,12
"55",1,0,0,15,1,1,0,1,0,0,0,3,3,1,0,0,0,0,0,1,1,0,5,3,4,4,4,1,0,13,12,13
"56",1,0,0,16,1,0,0,1,0,0,0,2,1,1,0,0,0,1,1,1,2,0,5,3,4,1,1,2,2,12,13,12
"57",1,0,0,15,1,0,0,0,1,0,0,4,3,1,0,1,0,1,0,1,2,0,4,3,2,1,1,1,0,15,14,15
"58",0,0,1,15,1,0,0,0,0,1,1,4,4,0,0,1,0,1,0,1,2,0,3,2,2,1,1,5,8,15,15,16
"59",1,0,1,15,1,1,0,1,0,0,1,1,2,1,1,1,0,1,0,1,2,0,4,3,2,1,1,5,0,14,13,14
"60",0,0,0,16,1,0,0,0,1,0,1,4,2,1,0,1,1,0,0,1,2,0,4,2,3,1,1,5,2,16,15,16
"61",1,0,0,16,0,0,1,0,0,0,1,4,4,0,0,1,0,1,0,1,2,0,2,4,4,2,3,4,0,17,16,16
"62",1,0,0,16,1,0,0,0,1,0,1,1,1,1,1,1,0,1,1,4,1,0,5,5,5,5,5,5,0,10,10,16
"63",1,0,0,16,1,1,0,1,0,0,1,1,2,1,1,0,0,1,0,1,2,0,4,4,3,1,1,1,0,13,13,10
"64",0,0,0,16,1,0,0,0,0,1,1,4,3,1,1,1,0,1,0,1,3,0,3,4,4,2,4,4,0,14,13,13
"65",1,0,0,15,1,1,0,0,1,0,1,4,3,1,1,0,0,1,1,1,2,0,4,4,4,2,4,2,0,13,12,12
"66",1,0,0,16,1,1,0,0,0,1,1,4,3,1,0,1,0,1,0,3,2,0,5,4,3,1,2,1,2,16,15,16
"67",1,0,1,15,1,0,0,1,0,0,0,4,4,1,0,1,0,1,1,1,4,0,1,3,3,5,5,3,0,11,12,12
"68",1,0,0,16,1,0,0,0,1,0,1,3,1,1,1,1,0,0,0,1,4,0,4,3,3,1,2,5,0,10,9,10
"69",1,0,0,15,0,1,1,0,0,0,1,2,2,1,1,1,0,0,0,2,2,0,4,1,3,1,3,4,0,11,10,11
"70",1,0,0,15,0,1,0,1,0,0,1,3,1,1,0,1,0,0,0,2,4,0,4,4,2,2,3,3,6,15,15,15
"71",1,0,1,16,1,0,0,1,0,0,1,3,1,1,0,1,0,0,0,2,4,0,4,3,2,1,1,5,2,13,11,11
"72",1,0,1,15,1,0,0,1,0,0,1,4,2,1,0,0,0,0,0,1,4,0,3,3,3,1,1,3,0,11,9,10
"73",1,0,0,15,0,0,0,1,0,0,1,1,1,1,1,1,0,0,1,1,2,0,3,3,4,2,4,5,2,13,11,11
"74",1,0,1,16,1,0,0,1,0,0,1,3,1,0,0,0,0,1,0,1,1,0,5,3,2,2,2,5,0,13,13,14
"75",1,0,0,16,1,0,0,1,0,0,1,3,3,1,1,1,0,1,0,1,2,0,4,3,3,2,4,5,4,11,11,11
"76",1,0,1,15,1,0,0,0,0,1,1,4,3,1,0,1,0,1,0,1,2,0,4,3,3,2,3,5,0,11,11,11
"77",1,0,1,15,1,0,0,0,0,1,1,4,0,1,0,0,0,1,0,2,4,0,3,4,3,1,1,1,0,12,11,11
"78",1,0,0,16,1,0,0,1,0,0,1,2,2,1,0,0,0,0,1,1,4,0,5,2,3,1,3,3,1,13,13,13
"79",1,0,1,17,1,0,0,1,0,0,1,2,1,1,1,1,0,1,0,2,1,3,4,5,1,1,1,3,0,9,9,10
"80",1,0,0,16,1,0,0,0,0,0,1,3,4,1,0,1,0,0,0,1,2,0,2,4,3,1,2,3,14,12,11,11
"81",1,0,1,15,1,0,0,1,0,0,1,2,3,1,1,1,0,1,1,1,1,0,3,2,2,1,3,3,0,11,11,12
"82",0,0,1,15,1,0,0,1,0,0,1,2,3,1,1,0,0,0,0,1,3,0,5,3,2,1,2,5,2,10,9,9
"83",1,0,0,15,1,1,0,0,1,0,1,3,2,1,0,1,0,0,0,1,2,0,4,4,4,1,1,5,4,12,11,11
"84",1,0,1,15,1,1,0,0,1,0,1,2,2,1,0,0,1,1,0,2,2,0,5,3,3,1,3,4,2,13,12,13
"85",1,0,0,15,1,0,0,1,0,0,1,1,1,1,0,1,0,1,0,1,2,0,4,3,2,2,3,4,2,13,12,12
"86",1,0,0,15,1,0,0,0,1,0,1,4,4,1,0,0,0,0,1,2,2,0,4,4,4,2,3,5,4,12,11,12
"87",0,0,0,16,1,1,0,0,0,0,1,2,2,0,0,1,0,0,0,1,2,0,4,3,4,1,2,2,6,13,11,11
"88",1,0,0,15,1,0,0,1,0,0,1,4,2,1,0,1,0,1,0,1,3,0,5,3,3,1,3,1,4,15,15,15
"89",1,0,1,16,1,0,0,0,1,0,1,2,2,1,0,0,0,1,0,2,2,0,4,4,2,1,1,3,6,12,10,11
"90",1,0,1,16,1,1,0,0,0,1,0,4,4,0,0,1,0,0,0,1,2,0,4,1,3,3,5,5,6,9,9,10
"91",1,0,0,16,1,0,0,1,0,0,1,3,3,1,0,1,0,0,1,1,3,0,4,3,3,1,3,4,2,9,11,11
"92",0,0,0,15,1,0,0,0,1,0,1,4,3,1,0,0,0,1,0,1,1,0,4,5,5,1,3,1,6,14,13,13
"93",1,0,0,16,1,1,0,1,0,0,1,3,1,0,1,1,0,0,0,1,2,0,3,3,3,2,3,2,0,12,13,12
"94",1,0,0,16,1,0,0,0,0,1,1,4,2,1,0,1,0,1,0,2,2,0,5,3,3,1,1,1,2,13,14,14
"95",1,0,1,15,1,1,0,0,1,0,1,2,2,1,0,1,0,1,0,1,4,0,4,3,4,1,1,4,2,11,12,12
"96",1,0,0,15,0,0,0,0,0,0,1,1,1,1,1,1,1,1,0,2,4,0,3,1,2,1,1,1,4,13,13,13
"97",1,0,1,16,0,0,0,0,1,0,1,4,3,1,1,1,1,1,0,2,1,0,3,3,3,1,1,4,6,9,11,11
"98",1,0,0,16,1,0,0,1,0,0,1,2,1,0,0,1,0,0,1,1,2,0,4,3,5,1,1,5,0,13,12,12
"99",1,0,0,16,1,0,0,1,0,0,1,4,4,1,0,0,0,1,0,1,1,0,5,3,4,1,2,1,4,12,13,13
"100",1,0,0,16,1,0,0,1,0,0,1,4,3,1,1,1,0,0,0,1,3,0,5,3,5,1,1,3,2,12,13,13
"101",1,0,1,16,1,0,0,0,1,0,1,4,4,1,1,1,0,1,0,1,1,0,4,5,5,5,5,4,12,9,9,8
"102",1,0,1,16,1,0,0,0,1,0,1,4,4,1,0,1,0,1,1,1,3,0,4,4,3,1,1,4,0,16,16,16
"103",1,0,1,15,1,0,0,0,1,0,1,4,4,1,0,1,1,1,0,1,1,0,5,3,3,1,1,5,2,12,13,12
"104",1,0,0,15,1,0,0,0,1,0,1,3,2,1,1,1,0,0,0,2,2,0,4,3,5,1,1,2,16,11,10,10
"105",1,0,1,15,1,0,0,0,1,0,0,3,4,1,0,1,0,1,0,1,2,0,5,4,4,1,1,1,0,16,16,16
"106",0,0,0,15,1,0,0,1,0,0,0,3,3,0,1,0,0,0,0,1,4,0,4,3,3,1,1,4,10,10,10,10
"107",1,0,0,15,1,0,0,1,0,0,1,2,2,1,1,1,0,0,0,1,4,0,5,1,2,1,1,3,4,10,10,10
"108",1,0,1,16,1,0,0,0,1,0,1,3,3,1,0,1,0,1,0,1,3,0,5,3,3,1,1,5,4,13,14,14
"109",1,0,1,15,0,0,0,1,0,0,1,4,4,1,0,1,0,1,1,4,4,0,1,3,5,3,5,1,8,12,10,11
"110",1,0,0,16,1,1,1,0,0,0,1,4,4,1,0,1,0,1,1,1,3,0,5,4,5,1,1,4,2,15,15,14
"111",1,0,1,15,1,1,0,0,0,1,0,4,4,1,0,0,0,1,0,1,1,0,5,5,3,1,1,4,4,13,14,14
"112",0,0,0,16,0,0,0,0,1,0,1,3,3,1,1,1,0,1,0,1,3,0,4,1,2,1,1,2,4,11,11,11
"113",1,0,0,16,1,0,0,0,0,0,1,2,2,1,1,0,0,1,0,1,2,1,3,1,2,1,1,5,12,8,10,10
"114",1,0,1,15,1,1,0,0,0,1,1,4,2,1,0,0,0,0,0,1,1,0,3,5,2,1,1,3,10,18,17,18
"115",1,0,1,15,0,0,1,0,0,0,1,2,1,1,0,0,0,1,1,1,2,0,5,4,2,1,1,5,4,10,9,10
"116",1,0,1,16,1,0,0,0,0,1,1,4,4,1,0,1,0,1,0,1,2,0,5,4,4,1,2,5,6,16,14,14
"117",1,0,1,15,1,0,0,1,0,0,1,4,4,0,0,1,0,1,0,2,2,0,4,4,3,1,1,2,4,16,15,16
"118",1,0,1,16,1,0,0,1,0,0,1,3,3,1,0,0,0,1,0,2,1,0,5,4,2,1,1,5,6,14,14,15
"119",1,0,1,17,0,0,0,1,0,0,1,1,3,1,0,1,0,1,0,3,2,1,5,2,4,1,4,5,14,12,11,11
"120",1,0,1,15,1,0,0,1,0,0,1,3,4,1,0,0,0,0,0,1,1,0,3,4,3,1,2,4,2,14,13,14
"121",1,0,0,15,1,0,0,0,0,0,1,1,2,1,0,0,0,0,0,1,2,0,3,2,3,1,2,1,0,14,14,14
"122",1,0,1,15,1,0,0,0,1,0,1,2,2,1,0,1,0,1,0,1,4,0,5,5,4,1,2,5,6,14,13,13
"123",1,0,0,16,1,1,0,1,0,0,1,2,4,1,0,1,0,1,1,2,2,0,4,2,2,1,2,5,2,14,12,13
"124",1,0,1,16,1,0,1,0,0,0,1,4,4,1,0,1,0,1,0,1,1,0,3,4,4,1,4,5,4,12,13,13
"125",1,0,0,16,1,0,0,1,0,0,1,2,2,1,0,0,0,0,1,1,2,0,5,4,4,1,1,5,0,12,11,11
"126",1,0,1,15,1,0,0,0,1,0,1,3,4,1,1,0,0,0,0,1,1,0,5,5,5,3,2,5,2,9,9,9
"127",1,0,0,15,1,1,0,1,0,0,0,3,4,1,1,0,0,1,1,1,2,0,5,3,2,1,1,1,0,10,11,11
"128",1,0,0,19,1,0,0,0,0,0,1,0,1,0,0,1,0,0,0,1,2,2,3,4,2,1,1,5,0,9,10,11
"129",1,0,1,16,0,0,0,0,0,1,1,4,4,1,0,0,0,1,0,1,1,0,3,5,5,2,5,4,8,14,14,15
"130",1,0,1,16,1,0,0,1,0,0,1,2,3,1,0,1,0,0,1,2,3,0,3,2,3,2,2,1,4,13,12,13
"131",1,0,0,15,0,0,0,0,1,0,1,3,4,1,0,1,0,0,1,2,3,0,4,2,2,2,2,5,0,10,11,12
"132",1,0,0,18,1,0,0,0,1,0,1,2,1,1,0,1,0,1,1,1,2,3,5,4,5,1,3,5,10,10,9,8
"133",1,0,0,17,1,1,0,1,0,0,0,2,1,1,0,1,0,0,0,3,1,0,3,2,2,1,2,5,8,11,10,11
"134",1,0,0,15,1,0,0,0,0,0,1,1,1,1,0,1,0,1,1,3,1,0,4,3,3,1,2,4,6,11,12,13
"135",1,0,0,17,1,1,0,1,0,0,1,2,2,1,0,1,0,0,1,1,1,0,3,4,4,1,3,5,2,13,12,12
"136",1,0,0,16,1,0,0,0,1,0,0,3,4,1,0,0,0,0,0,1,1,0,3,2,1,1,4,5,12,15,13,14
"137",1,0,1,16,1,0,0,0,0,0,1,2,1,0,0,0,0,0,0,4,1,0,3,2,1,1,1,2,4,9,9,11
"138",1,0,0,16,1,0,0,1,0,0,0,2,2,0,0,0,0,0,0,1,1,1,5,3,4,1,1,5,12,13,11,11
"139",1,0,1,15,0,0,0,0,0,0,1,3,4,0,0,1,0,0,1,4,2,0,5,3,3,1,1,5,2,12,11,11
"140",1,0,0,15,1,0,0,0,1,0,1,4,4,1,0,1,0,1,1,1,3,0,4,3,3,1,1,5,4,13,14,15
"141",0,0,1,17,0,0,0,0,0,0,1,3,4,0,0,0,0,0,0,3,2,0,5,4,5,2,4,5,2,10,9,10
"142",1,0,0,16,0,0,0,0,0,0,1,1,1,0,0,1,0,0,0,4,2,0,5,1,3,1,1,3,0,14,13,13
"143",1,0,1,18,1,1,0,0,1,0,1,3,1,1,0,0,0,1,1,2,1,0,3,3,4,4,5,4,2,11,11,12
"144",1,0,0,18,1,0,0,1,0,0,0,3,2,1,0,1,0,1,1,1,3,0,4,3,3,5,1,5,10,12,11,11
"145",1,0,0,16,0,0,0,1,0,0,1,1,1,0,0,1,0,1,1,2,1,0,3,3,3,1,2,1,8,12,11,11
"146",1,0,0,16,1,0,0,1,0,0,0,3,3,1,0,1,0,1,1,2,1,0,4,3,2,1,1,5,4,9,9,10
"147",1,0,1,16,1,1,0,0,1,0,1,1,1,0,0,0,0,0,1,1,2,2,4,4,4,1,3,5,0,10,10,10
"148",1,0,0,15,1,0,0,0,0,1,1,4,4,1,0,0,0,1,0,2,1,0,4,3,2,1,1,5,6,13,14,14
"149",1,0,0,15,0,0,0,1,0,0,1,1,1,1,0,0,0,1,1,3,1,1,5,5,5,1,1,1,2,8,9,9
"150",1,0,1,15,1,0,0,0,0,1,1,4,3,1,1,1,0,0,0,2,4,0,2,2,2,1,1,3,6,9,11,11
"151",0,0,0,15,1,0,0,0,1,0,0,3,3,0,0,0,0,0,1,1,2,0,1,3,2,2,3,1,24,9,8,9
"152",1,0,1,16,1,0,0,0,1,0,1,4,4,1,0,1,0,1,0,1,3,0,5,3,3,1,3,5,0,15,13,13
"153",1,0,1,16,1,1,0,0,1,0,1,2,2,1,0,1,0,1,0,2,1,0,2,3,3,2,2,2,4,12,11,11
"154",1,0,0,15,1,0,0,0,0,1,1,4,4,1,0,1,0,1,0,1,3,0,4,2,2,1,1,5,2,13,13,13
"155",1,0,0,16,1,1,0,0,0,0,1,1,1,1,0,0,0,0,0,1,1,0,3,4,4,3,3,1,4,10,11,11
"156",1,0,1,17,1,0,0,1,0,0,1,2,1,1,0,1,0,0,0,1,1,0,5,4,5,1,2,5,22,9,7,6
"157",1,0,0,15,1,0,0,1,0,0,1,1,1,1,0,1,0,0,0,1,2,0,4,4,2,1,2,5,0,12,12,12
"158",1,0,0,15,1,1,0,0,0,0,0,2,1,1,0,1,0,1,1,2,1,0,4,4,2,1,1,5,0,11,10,10
"159",1,0,0,15,1,0,1,0,0,0,1,3,2,1,0,1,0,0,0,1,2,1,3,3,2,1,1,3,2,11,11,11
"160",1,0,0,15,1,0,0,0,0,0,1,1,2,1,0,1,0,0,0,1,2,0,4,3,2,1,1,5,6,13,12,13
"161",1,0,0,15,1,0,0,0,0,0,1,1,2,0,0,0,0,0,1,1,2,0,2,3,4,2,4,1,6,11,11,11
"162",0,0,1,16,1,0,0,0,0,1,1,4,4,1,0,1,0,0,1,1,1,0,3,3,2,2,1,5,16,9,9,8
"163",1,0,1,15,1,1,0,0,1,0,0,2,1,1,0,0,0,0,0,4,1,0,4,5,5,2,5,5,0,12,11,11
"164",1,0,1,18,1,1,0,1,0,0,1,1,1,1,0,0,0,0,1,1,1,2,2,3,5,2,5,4,0,11,9,0
"165",1,0,1,16,1,1,0,0,0,0,1,2,1,0,0,0,0,1,1,1,1,1,4,4,4,3,5,5,6,9,10,10
"166",1,0,0,15,0,0,0,0,1,0,1,3,3,1,0,1,1,1,1,2,3,0,4,2,1,2,3,3,2,13,13,13
"167",1,0,1,19,1,0,0,0,1,0,1,3,2,1,0,1,0,0,1,1,1,0,4,5,4,1,1,4,6,11,9,11
"168",1,0,0,17,1,0,0,1,0,0,1,4,4,0,1,1,0,0,1,1,1,0,4,2,1,1,1,4,0,13,13,13
"169",0,0,1,15,0,0,0,0,0,0,1,2,3,0,1,0,1,1,0,1,2,0,4,4,4,1,1,1,0,7,8,8
"170",1,0,1,17,0,1,0,1,0,0,1,1,2,0,0,0,0,0,0,1,1,3,2,2,2,3,3,5,14,9,8,10
"171",1,0,0,18,0,0,0,0,0,0,1,1,1,0,0,1,0,1,0,3,1,3,5,2,5,1,5,4,6,11,10,11
"172",0,0,1,16,0,0,0,0,0,0,1,2,2,0,0,0,0,0,0,3,1,0,4,2,2,1,2,3,4,12,10,11
"173",1,0,1,16,1,0,0,1,0,0,1,3,3,1,0,1,0,0,1,1,2,1,4,5,5,4,4,5,0,10,10,1
"174",1,0,1,16,1,1,1,0,0,0,1,1,2,1,0,0,0,0,0,2,1,2,4,4,5,3,5,5,0,9,8,10
"175",1,0,1,17,0,1,0,0,0,0,1,2,1,1,0,0,1,1,1,2,1,1,3,3,2,2,2,5,8,8,8,9
"176",1,0,1,17,0,0,0,1,0,0,1,3,2,1,1,1,0,0,1,2,2,2,4,4,4,1,4,3,4,7,6,8
"177",1,0,1,15,1,1,0,1,0,0,1,1,2,0,0,0,0,1,0,2,1,0,4,4,4,2,4,5,2,8,9,10
"178",1,0,1,16,1,0,0,0,0,0,1,1,3,1,0,0,0,0,0,1,1,1,5,3,3,1,4,2,2,9,8,8
"179",1,0,1,17,0,1,0,1,0,0,1,1,1,0,0,0,0,1,1,4,2,0,5,3,5,1,5,5,0,8,8,8
"180",0,0,1,17,1,0,0,0,1,0,1,3,2,0,0,1,0,1,0,2,1,3,4,5,2,1,1,2,10,8,7,8
"181",1,0,1,16,1,0,0,1,0,0,1,2,2,1,0,0,0,0,0,1,2,0,4,3,5,2,4,4,0,9,10,11
"182",1,0,0,16,1,0,1,0,0,0,1,4,2,1,0,0,0,0,1,1,2,0,4,2,3,1,1,3,0,17,17,18
"183",1,0,0,16,1,0,0,1,0,0,1,2,2,1,0,1,0,0,0,1,2,0,5,1,5,1,1,4,0,12,12,13
"184",1,0,0,16,1,0,1,0,0,0,1,4,4,1,0,1,0,0,1,1,2,0,4,4,2,1,1,3,0,16,16,17
"185",1,0,1,16,1,0,0,1,0,0,1,3,4,1,0,1,0,1,0,3,1,1,3,4,5,2,4,2,4,9,9,10
"186",0,0,1,16,1,0,0,1,0,0,1,1,0,1,0,1,0,1,1,2,2,0,4,3,2,1,1,3,0,16,17,18
"187",1,0,1,17,1,1,0,0,0,1,1,4,4,1,0,1,0,1,0,1,2,0,4,4,4,1,3,5,0,11,9,10
"188",1,0,0,16,1,0,0,0,0,0,1,1,3,1,0,0,0,1,1,1,2,0,4,3,5,1,1,3,0,14,13,13
"189",0,0,0,16,1,1,0,1,0,0,1,3,3,1,0,1,0,1,0,2,2,0,4,4,5,1,1,4,0,14,14,15
"190",1,0,1,17,1,1,0,0,0,1,1,4,3,1,0,0,0,1,0,2,2,0,4,4,4,4,4,4,0,10,11,11
"191",1,0,0,16,1,0,0,0,1,0,1,2,2,1,0,0,0,1,0,2,2,0,3,4,4,1,4,5,0,13,12,14
"192",1,0,1,17,1,0,0,1,0,0,1,3,3,1,0,0,0,1,0,1,2,0,4,3,4,1,4,4,4,11,9,10
"193",1,0,1,16,0,0,0,0,0,1,1,4,2,1,0,1,0,1,1,1,1,0,4,3,3,3,4,3,8,10,9,11
"194",1,0,1,17,1,0,0,1,0,0,1,4,3,1,0,1,1,1,1,1,2,0,5,2,3,1,1,2,4,11,11,13
"195",1,0,1,16,1,0,0,0,0,1,1,4,3,1,0,1,1,1,0,1,2,0,3,4,3,2,3,3,4,11,10,11
"196",0,0,1,16,1,0,0,0,1,0,1,3,3,1,0,0,0,1,1,1,2,0,4,2,3,1,2,3,0,11,12,13
"197",1,0,0,17,1,0,0,0,1,0,1,2,4,0,0,1,0,1,0,1,2,0,5,4,2,2,3,5,0,17,18,17
"198",1,0,0,17,1,1,0,1,0,0,1,3,3,1,0,1,0,1,1,1,2,0,5,3,3,2,3,1,32,14,13,14
"199",1,0,0,16,1,0,0,1,0,0,1,3,2,1,0,1,0,0,0,1,2,0,1,2,2,1,2,1,8,14,15,16
"200",1,0,1,17,1,0,0,0,1,0,1,3,3,1,0,1,0,1,1,1,2,0,4,3,4,2,3,4,6,11,13,14
"201",1,0,1,16,1,0,0,0,1,0,1,1,2,1,0,1,0,1,1,1,1,0,3,3,3,1,2,3,0,10,9,11
"202",1,0,1,16,1,1,0,1,0,0,1,2,1,1,0,0,0,1,1,1,2,0,4,2,3,1,2,5,0,13,14,16
"203",1,0,0,17,1,0,1,0,0,0,0,3,3,1,0,1,0,0,1,1,2,0,3,3,3,1,3,3,10,12,13,14
"204",1,0,1,17,0,0,0,0,0,0,1,1,2,0,0,0,0,0,0,1,2,0,3,1,3,1,5,3,6,9,9,10
"205",0,0,0,16,1,0,0,0,1,0,1,2,3,1,0,0,0,0,0,1,2,0,4,3,3,1,1,2,6,12,12,13
"206",0,0,0,17,1,0,0,0,0,0,1,1,1,1,0,0,0,1,0,1,2,0,5,3,3,1,1,3,0,12,11,12
"207",0,0,1,17,1,0,0,0,0,0,1,1,2,1,0,0,0,1,0,2,2,0,4,4,4,4,5,5,16,10,11,12
"208",1,0,1,16,0,0,0,0,1,0,1,3,3,1,0,1,0,1,0,1,1,0,4,3,2,3,4,5,0,11,10,10
"209",1,0,1,16,1,0,0,1,0,0,1,2,3,1,0,0,0,0,0,2,1,0,5,3,3,1,1,3,0,13,12,12
"210",1,0,0,17,1,1,0,0,1,0,1,2,4,1,0,0,0,1,1,1,2,0,4,3,2,1,1,5,8,14,15,16
"211",1,0,1,17,1,0,0,0,1,0,1,4,4,1,0,0,0,0,0,1,1,0,5,2,3,1,2,5,4,13,13,14
"212",1,0,1,16,0,1,0,0,0,1,1,3,3,1,0,1,0,1,0,3,1,0,3,3,4,3,5,3,16,10,11,12
"213",1,0,0,17,1,0,0,0,1,0,1,4,4,1,0,1,0,0,0,2,1,1,4,2,4,2,3,2,30,14,15,16
"214",1,0,0,16,1,1,0,0,0,1,1,4,4,1,0,1,0,0,0,1,2,0,4,5,2,1,2,3,0,11,10,11
"215",1,0,0,16,1,0,1,0,0,0,1,4,3,1,0,1,0,1,0,1,2,0,4,3,5,1,5,2,2,14,14,15
"216",1,0,0,16,1,0,0,1,0,0,1,2,3,0,1,1,0,1,0,1,2,0,4,4,3,1,3,4,4,11,12,12
"217",0,0,0,17,1,0,0,1,0,0,1,1,1,0,0,1,0,0,0,1,2,0,4,4,4,1,3,1,0,14,15,15
"218",1,0,0,17,0,0,0,1,0,0,1,2,2,1,0,1,0,0,0,1,1,0,5,3,2,1,2,3,21,13,13,13
"219",1,0,0,16,0,0,0,0,1,0,1,2,2,1,0,1,0,1,0,2,4,0,5,3,5,1,1,5,6,13,13,13
"220",1,0,0,17,1,0,0,0,0,0,1,3,4,1,0,1,1,0,1,1,3,1,4,4,3,3,4,5,14,8,9,8
"221",1,0,0,16,1,0,0,0,1,0,0,3,1,1,0,1,0,0,0,1,2,0,2,3,3,2,2,4,2,11,11,12
"222",1,0,0,16,1,0,0,0,0,1,1,4,3,1,0,0,0,1,1,1,2,0,1,3,2,1,1,1,4,14,15,15
"223",0,0,0,16,1,0,0,0,0,0,1,1,1,0,0,1,0,0,0,2,1,0,4,3,2,1,4,5,2,12,13,13
"224",1,0,0,17,0,0,0,0,0,1,1,4,3,1,0,1,0,1,1,2,3,0,4,4,2,1,1,4,0,11,12,12
"225",0,0,0,19,1,0,0,1,0,0,1,3,3,1,0,1,0,1,0,1,4,0,4,3,3,1,2,3,4,12,12,12
"226",1,0,1,17,1,1,0,0,1,0,1,4,4,1,0,1,0,0,1,1,2,0,5,3,5,4,5,3,15,13,12,12
"227",1,0,0,16,1,0,0,1,0,0,0,2,2,1,1,1,0,0,0,1,2,0,3,3,4,1,1,4,0,13,13,13
"228",1,0,1,18,1,0,0,0,1,0,1,2,2,1,0,1,0,1,0,1,2,0,4,4,4,2,4,5,10,12,11,11
"229",1,0,0,17,0,1,0,0,1,0,1,4,4,0,0,1,0,0,0,1,1,0,5,2,1,1,2,3,6,12,11,11
"230",0,0,0,17,1,1,0,1,0,0,1,3,2,1,0,0,0,0,0,2,2,0,4,4,4,1,3,1,2,14,16,15
"231",1,0,0,17,1,0,0,1,0,0,1,4,3,1,0,0,0,0,1,1,2,0,3,4,5,2,4,1,16,11,9,10
"232",1,0,1,18,1,1,0,0,1,0,1,3,3,1,0,1,0,0,0,1,2,0,3,2,4,2,4,4,10,10,10,10
"233",1,0,0,17,1,0,0,0,0,0,1,2,3,0,0,1,0,0,0,2,1,0,3,3,3,1,4,3,4,12,13,13
"234",1,0,0,17,1,0,0,0,0,0,1,2,2,1,0,1,0,1,0,1,3,0,4,3,3,1,1,4,0,12,12,13
"235",1,0,0,17,0,0,0,0,0,0,1,2,1,1,0,1,0,1,0,2,2,0,4,2,5,1,2,5,0,11,10,11
"236",1,0,0,17,1,0,0,0,0,0,1,1,1,0,0,1,0,1,1,1,3,0,4,3,4,1,1,5,12,12,12,12
"237",1,0,0,16,1,0,0,0,1,0,1,2,3,1,1,0,0,0,0,1,2,0,2,3,1,1,1,3,0,13,13,14
"238",1,0,1,18,1,0,0,1,0,0,1,2,2,1,0,1,1,0,0,2,2,3,3,3,3,5,5,4,9,10,9,10
"239",1,0,0,16,1,0,0,0,0,1,1,4,4,1,0,1,0,1,0,1,3,0,5,3,2,1,1,5,4,15,16,16
"240",0,0,0,18,0,0,0,1,0,0,1,3,1,1,0,0,0,1,1,1,2,0,5,3,3,1,1,4,4,8,8,8
"241",1,0,0,17,1,0,0,1,0,0,1,3,2,1,0,0,0,1,0,1,2,0,5,3,4,1,3,3,2,17,18,17
"242",1,0,1,17,1,1,0,0,1,0,1,2,3,1,0,1,0,0,0,1,2,0,5,3,3,1,3,3,0,10,11,11
"243",1,0,1,18,1,1,0,0,0,0,1,2,1,1,1,1,0,1,1,4,2,0,4,3,2,4,5,3,2,9,10,11
"244",0,0,0,17,1,0,0,1,0,0,0,2,1,1,0,0,0,1,1,2,3,0,3,2,3,1,2,3,0,15,15,16
"245",1,0,0,17,1,1,1,0,0,0,1,4,3,1,0,0,0,1,1,1,2,0,3,2,3,1,2,3,0,14,12,12
"246",1,0,1,17,0,0,0,1,0,0,1,2,2,1,0,1,0,1,0,2,2,0,4,5,2,1,1,1,0,12,13,13
"247",1,0,1,17,1,0,0,0,0,1,1,4,4,1,1,1,0,1,1,1,2,0,4,5,5,1,3,2,0,13,13,13
"248",1,0,1,16,1,0,1,0,0,0,1,4,4,1,0,1,0,1,0,1,2,0,4,2,4,2,4,1,0,13,13,14
"249",1,0,1,16,1,1,0,1,0,0,1,1,1,1,0,1,0,0,0,2,2,0,3,4,2,1,1,5,2,9,9,9
"250",1,0,1,16,1,0,0,0,0,0,1,3,2,1,0,0,0,1,1,2,3,0,5,3,3,1,3,2,0,12,12,12
"251",1,0,1,17,1,1,0,1,0,0,1,2,2,1,0,0,0,1,1,1,2,0,4,4,2,5,5,4,0,16,16,16
"252",1,0,0,16,1,0,0,1,0,0,1,2,1,1,0,0,0,0,1,1,1,0,4,5,2,1,1,5,4,9,10,10
"253",1,0,0,16,1,0,0,1,0,0,0,4,1,1,0,0,0,1,1,1,2,0,5,3,3,1,2,5,0,14,13,13
"254",0,0,0,18,1,1,0,0,1,0,0,2,4,1,0,1,0,0,0,2,2,1,4,3,3,1,1,3,18,10,10,10
"255",1,0,0,18,1,1,0,0,0,0,1,2,2,1,0,1,0,0,1,1,2,1,5,3,1,1,1,5,16,9,8,10
"256",1,0,0,18,1,0,0,1,0,0,1,3,3,1,0,0,0,0,0,2,1,1,4,1,1,1,1,3,14,8,7,7
"257",1,0,1,18,1,0,0,1,0,0,1,2,2,1,0,1,0,1,1,1,1,1,4,4,3,2,2,1,26,7,8,8
"258",0,0,1,17,1,0,0,0,0,1,1,4,4,1,0,1,0,1,0,1,1,0,4,2,1,1,2,5,6,10,8,9
"259",0,0,0,17,1,0,0,1,0,0,1,3,2,0,0,0,0,1,0,1,2,0,5,4,2,1,1,3,4,14,14,15
"260",1,0,0,17,1,1,0,0,0,0,1,1,1,1,0,1,0,1,1,1,3,0,4,3,2,1,2,4,10,11,10,10
"261",1,0,0,16,1,0,0,1,0,0,1,1,2,1,0,0,0,0,0,1,1,0,5,3,5,1,2,5,4,12,11,11
"262",1,0,0,17,0,0,0,0,0,0,1,2,1,0,0,0,0,1,0,3,2,0,2,1,1,1,1,3,2,13,13,13
"263",1,0,0,17,0,1,0,1,0,0,0,1,4,1,0,1,0,0,0,4,1,1,5,5,4,1,1,5,14,9,9,8
"264",1,0,1,18,1,0,0,1,0,0,1,2,2,1,0,0,0,0,0,1,2,0,5,5,4,3,5,2,16,8,7,8
"265",1,0,0,17,1,1,0,1,0,0,0,2,2,1,0,1,0,0,0,1,1,1,3,1,2,1,1,1,8,11,9,10
"266",0,0,0,17,0,1,0,0,0,0,1,1,1,1,0,0,0,1,0,2,3,0,4,3,3,1,3,5,4,15,14,15
"267",1,0,0,17,1,1,0,0,0,1,0,4,2,0,0,1,0,1,0,1,2,0,4,3,2,1,1,4,4,15,14,14
"268",1,0,1,17,1,1,1,0,0,0,1,4,3,1,0,0,0,1,1,2,2,0,2,5,5,1,4,5,8,15,15,15
"269",0,0,1,17,0,1,0,0,0,1,0,4,4,1,0,1,0,0,0,2,2,0,3,3,3,2,3,4,0,12,12,12
"270",1,0,1,16,1,1,0,0,0,1,1,4,3,1,0,0,0,1,0,1,1,0,5,4,5,1,1,3,7,14,14,15
"271",1,0,1,16,1,0,0,0,1,0,1,4,4,1,0,0,1,1,0,1,1,0,5,3,2,1,2,5,4,14,15,15
"272",1,0,0,17,1,0,0,0,0,1,1,4,4,1,0,1,1,0,1,1,2,0,5,3,1,1,4,5,2,11,11,12
"273",1,0,1,17,0,0,0,1,0,0,1,1,1,1,0,0,0,0,1,2,3,0,4,3,3,1,1,1,2,13,14,15
"274",1,0,0,17,1,0,0,0,1,0,1,3,3,1,0,1,0,0,1,2,3,0,4,2,2,2,3,5,10,11,11,11
"275",0,0,0,17,1,0,0,0,0,0,1,1,1,0,1,0,0,0,1,1,2,0,4,3,2,1,1,4,10,10,9,10
"276",1,0,0,18,1,0,0,1,0,0,1,2,1,1,0,1,0,0,1,2,3,0,4,4,4,1,1,3,10,12,10,11
"277",1,0,1,16,1,0,0,1,0,0,1,2,1,1,0,0,0,0,0,3,1,0,4,3,3,1,1,4,7,15,16,16
"278",1,0,0,17,1,0,0,1,0,0,1,1,1,0,0,1,0,0,0,1,2,0,4,3,4,1,2,5,4,11,10,11
"279",1,0,1,17,1,0,0,1,0,0,1,2,3,1,0,0,0,0,0,2,1,0,5,2,2,1,1,2,2,9,12,13
"280",1,0,1,22,1,0,0,0,1,0,1,3,1,1,0,0,0,0,1,1,1,3,5,4,5,5,5,1,12,7,8,5
"281",1,0,1,18,0,1,0,1,0,0,1,3,3,1,0,1,0,0,1,1,2,0,4,3,3,1,3,5,8,10,9,10
"282",1,0,1,16,1,0,0,1,0,0,1,0,2,1,0,0,0,0,0,1,1,0,4,3,2,2,4,5,0,11,12,11
"283",0,0,1,18,1,0,0,0,1,0,1,3,2,1,0,0,0,0,0,2,1,0,4,4,5,2,4,5,8,7,8,7
"284",0,0,1,16,1,0,0,0,0,0,1,3,3,1,1,1,0,0,0,3,2,1,5,3,3,1,3,2,4,9,11,10
"285",1,0,1,18,1,0,0,0,1,0,1,2,1,1,0,0,0,0,0,1,1,2,3,2,5,2,5,5,4,7,8,6
"286",0,0,1,16,0,0,0,1,0,0,1,2,1,0,0,0,0,1,0,2,1,0,3,3,2,1,3,3,2,14,13,12
"287",0,0,1,17,0,0,0,1,0,0,1,2,1,1,0,0,0,0,0,1,1,0,4,4,2,2,4,5,0,12,12,13
"288",1,0,1,17,1,1,1,0,0,0,1,1,1,1,0,1,0,1,0,2,1,1,4,4,4,1,2,5,0,9,10,10
"289",1,0,0,18,1,1,0,1,0,0,0,2,1,1,0,1,0,0,1,1,2,0,4,3,4,1,3,5,2,12,12,13
"290",1,0,0,17,1,1,0,0,0,1,1,4,2,1,0,1,0,1,0,1,4,0,4,2,3,1,1,4,2,14,15,17
"291",1,0,0,19,1,0,0,0,1,0,1,2,2,1,0,1,0,0,0,1,2,0,4,3,3,1,1,5,0,10,10,11
"292",1,0,1,18,1,1,0,0,1,0,1,2,1,1,0,0,0,1,0,3,2,1,4,4,5,4,4,5,4,11,10,11
"293",1,0,0,17,0,0,0,1,0,0,1,4,2,1,0,1,0,1,0,1,3,0,4,3,4,1,3,5,2,11,12,14
"294",1,0,0,18,1,1,0,1,0,0,1,1,1,0,0,1,0,0,0,1,3,0,4,4,3,2,3,3,4,11,12,14
"295",0,0,0,18,0,0,0,1,0,0,1,2,2,0,1,0,0,0,0,1,2,0,3,2,3,1,1,5,4,11,11,13
"296",1,0,1,19,1,1,0,0,1,0,0,4,3,1,0,1,0,0,0,1,2,0,4,3,1,1,1,1,4,11,13,14
"297",1,0,1,18,1,0,0,1,0,0,1,2,1,1,0,0,0,1,0,1,2,0,5,2,4,1,2,4,2,16,16,16
"298",1,0,1,17,0,0,0,1,0,0,1,2,2,0,0,0,0,0,0,2,1,0,5,2,2,1,1,4,0,9,10,10
"299",0,0,0,17,1,1,0,0,1,0,1,2,2,1,0,0,0,1,1,1,4,0,3,4,1,1,1,2,2,10,11,12
"300",1,0,0,20,0,0,0,1,0,0,1,2,1,1,0,1,1,1,1,2,2,0,1,2,3,1,2,2,8,10,12,12
"301",1,0,0,18,1,0,0,0,1,0,1,4,3,1,0,1,0,0,1,1,2,0,3,1,2,1,3,2,2,15,15,15
"302",1,0,1,18,1,0,0,0,0,1,1,4,3,1,0,1,0,0,0,1,2,0,4,3,2,1,1,3,2,10,10,11
"303",0,0,1,18,0,0,0,1,0,0,1,3,2,0,0,0,0,1,0,1,3,0,5,3,2,1,1,3,2,10,11,12
"304",1,0,0,17,1,0,0,1,0,0,1,3,3,0,0,0,0,1,0,1,3,0,3,2,3,1,1,4,2,15,12,13
"305",1,0,0,18,1,0,0,0,0,0,1,2,2,1,0,1,0,1,1,1,3,0,4,3,3,1,1,3,0,11,12,13
"306",0,0,1,17,1,0,0,1,0,0,1,2,2,1,0,0,0,0,0,2,1,0,4,4,4,2,3,4,8,8,8,9
"307",1,0,1,18,0,1,0,1,0,0,0,3,4,1,0,1,0,1,0,2,2,0,4,2,5,3,4,1,6,15,16,16
"308",1,0,1,17,1,0,0,0,1,0,1,3,1,1,0,0,0,1,1,1,2,0,5,4,4,3,4,5,0,11,11,14
"309",1,0,0,18,0,0,0,0,0,1,1,4,4,1,0,0,0,1,0,2,2,0,4,3,4,2,2,4,8,10,11,12
"310",1,0,1,18,1,0,1,0,0,0,1,4,2,1,0,1,0,1,1,1,2,0,5,4,5,1,3,5,4,10,12,14
"311",1,0,0,18,0,0,0,1,0,0,1,2,1,1,0,1,0,0,1,2,2,0,4,3,5,1,2,3,12,8,9,10
"312",1,0,0,19,1,0,0,1,0,0,1,3,3,1,0,1,0,1,0,1,2,0,4,3,5,3,3,5,16,11,12,12
"313",1,0,0,18,1,0,0,1,0,0,1,2,3,1,0,1,0,1,1,1,4,0,4,5,5,1,3,2,10,16,16,16
"314",1,0,0,18,1,1,0,1,0,0,1,1,1,0,0,1,0,0,0,2,2,0,4,4,3,1,1,3,2,13,13,13
"315",1,0,1,17,0,0,0,0,0,0,1,1,2,0,0,1,0,1,1,1,2,0,3,5,2,2,2,1,2,16,17,18
"316",1,0,0,18,1,0,0,1,0,0,1,2,1,1,0,1,0,0,1,1,2,0,4,2,5,1,2,1,8,14,14,15
"317",1,0,0,17,1,0,0,0,0,0,1,2,4,1,0,1,0,0,1,2,2,0,4,3,3,1,1,1,6,15,16,16
"318",1,0,0,17,1,1,0,0,1,0,1,2,2,1,1,1,0,0,1,2,2,0,4,4,4,2,3,5,6,12,12,12
"319",1,0,0,18,0,0,0,1,0,0,0,3,2,1,0,0,0,0,1,2,2,0,4,1,1,1,1,5,15,12,9,10
"320",1,0,1,18,1,0,0,0,0,1,1,4,4,1,0,0,0,1,0,2,1,0,3,2,4,1,4,3,6,11,12,12
"321",1,0,0,18,1,0,1,0,0,0,1,4,4,1,1,1,0,1,1,1,2,1,2,4,4,1,1,4,2,14,12,13
"322",1,0,0,17,1,0,0,1,0,0,1,2,2,1,0,1,0,0,1,3,3,0,4,2,3,1,1,1,8,13,15,15
"323",1,0,0,19,0,0,0,0,1,0,1,3,2,1,1,1,0,0,0,1,2,1,3,3,3,4,3,3,0,9,8,10
"324",1,0,1,18,1,1,0,0,0,1,1,4,3,1,0,0,0,1,0,2,1,0,4,2,3,1,2,1,0,10,10,10
"325",1,0,1,18,1,0,0,0,0,0,1,1,2,1,0,0,0,0,0,2,1,0,3,4,4,2,4,4,10,10,10,11
"326",0,0,1,17,1,1,0,0,1,0,0,4,1,1,0,0,0,1,1,2,1,0,4,5,4,2,4,5,22,11,11,10
"327",1,0,1,17,1,1,0,0,0,1,0,3,2,1,0,0,0,0,0,1,1,0,4,4,4,3,4,3,18,13,13,13
"328",1,0,0,18,0,1,0,0,0,0,1,1,1,0,0,1,0,1,0,2,4,0,5,2,2,1,1,3,2,17,17,18
"329",1,0,0,18,1,0,0,1,0,0,1,1,1,1,1,0,0,1,0,2,2,0,5,4,4,1,1,4,0,12,13,13
"330",1,0,0,17,1,0,0,1,0,0,1,2,2,1,0,1,0,0,0,1,2,0,5,4,5,1,2,5,12,12,12,14
"331",0,0,0,18,1,0,0,1,0,0,1,2,1,1,0,0,0,1,1,2,2,0,4,3,1,1,1,5,10,12,13,14
"332",0,0,1,17,1,0,0,1,0,0,1,1,1,1,0,0,0,0,0,1,2,0,4,3,3,1,2,4,0,12,12,12
"333",1,0,0,18,1,0,0,0,0,0,1,2,2,1,0,1,0,0,0,1,3,0,4,3,3,1,2,2,0,18,18,18
"334",1,0,0,17,1,0,0,0,1,0,1,1,1,1,0,1,0,0,0,1,3,0,4,3,3,1,1,3,0,13,13,14
"335",1,0,1,18,1,0,0,0,1,0,1,2,1,1,0,0,0,1,0,1,3,0,4,2,4,1,3,2,0,14,15,15
"336",0,0,1,18,1,1,0,0,0,1,0,4,4,1,0,1,0,1,0,1,2,0,5,4,3,1,1,2,0,17,17,17
"337",1,0,1,18,1,0,0,0,0,1,1,4,2,1,0,1,0,1,1,1,2,0,4,3,2,1,4,5,2,15,16,16
"338",1,0,0,17,1,0,1,0,0,0,1,4,3,1,0,1,0,0,0,1,3,0,4,2,2,1,2,3,0,17,18,18
"339",1,0,0,17,0,1,0,0,1,0,1,3,1,0,0,1,0,0,0,2,4,0,3,1,2,1,1,3,0,18,19,19
"340",1,0,1,18,0,1,0,0,1,0,1,3,2,1,0,1,0,1,0,2,3,0,5,4,2,1,1,4,0,14,15,15
"341",0,0,1,17,1,0,1,0,0,0,1,3,3,1,0,1,0,0,0,1,1,0,4,4,3,1,3,5,0,14,15,15
"342",1,0,0,19,1,0,1,0,0,0,1,4,4,1,0,1,0,1,0,2,2,0,2,3,4,2,3,2,2,14,13,13
"343",1,0,0,18,1,1,0,1,0,0,1,4,3,1,0,1,0,0,1,2,2,0,4,4,5,1,2,2,0,13,14,14
"344",0,0,0,18,1,0,0,1,0,0,1,4,3,1,0,1,0,0,0,1,4,0,4,3,3,1,1,3,0,16,17,17
"345",1,0,1,18,1,1,0,0,0,1,1,4,4,1,0,1,0,0,1,1,1,0,1,4,2,2,2,1,0,18,18,17
"346",1,0,0,18,1,1,1,0,0,0,0,4,4,1,0,1,1,0,1,1,2,0,4,2,4,1,1,4,0,14,15,15
"347",1,0,1,17,1,1,0,1,0,0,1,4,4,1,0,0,0,0,0,2,1,0,4,1,1,2,2,5,0,12,13,13
"348",1,0,0,17,0,0,0,0,1,0,1,4,4,1,0,1,0,1,0,2,3,0,5,3,4,1,1,5,0,7,7,8
"349",0,0,0,17,1,0,0,1,0,0,1,4,2,1,0,1,0,0,0,2,3,0,4,3,3,1,1,3,0,16,16,16
"350",1,0,0,17,1,0,1,0,0,0,1,3,2,1,0,1,0,1,0,1,4,0,5,2,2,1,2,5,0,18,18,18
"351",1,0,1,19,0,1,0,0,0,0,1,2,1,1,0,0,0,1,1,2,3,1,4,3,1,1,1,5,0,9,10,11
"352",0,0,1,20,1,0,0,0,1,0,0,3,2,0,0,0,0,1,0,1,1,2,5,5,3,1,1,5,0,14,15,15
"353",1,0,1,19,0,0,0,1,0,0,1,3,3,0,0,0,0,1,1,1,2,0,4,5,3,1,2,5,0,10,10,11
"354",1,0,0,18,1,0,0,1,0,0,1,1,4,0,1,1,0,0,1,1,2,0,3,4,4,1,2,5,2,10,10,11
"355",1,0,0,18,1,0,0,0,1,0,1,2,1,1,0,1,0,1,0,2,2,0,5,3,3,1,2,1,2,12,12,15
"356",0,0,0,17,1,0,0,1,0,0,1,2,3,1,0,0,0,1,1,2,2,0,4,2,1,1,1,3,2,11,12,14
"357",1,0,0,17,0,0,0,0,0,1,1,4,4,1,0,0,0,1,0,1,1,0,4,4,4,1,1,5,2,15,16,17
"358",1,0,0,18,1,0,0,1,0,0,1,4,3,1,0,1,0,1,1,1,3,0,4,3,4,1,1,5,2,14,15,17
"359",0,0,0,18,1,1,1,0,0,0,1,4,3,1,0,1,0,0,0,2,1,0,3,2,4,1,4,1,8,12,12,15
"360",1,0,0,17,0,0,0,0,0,0,1,3,4,1,0,1,0,1,0,1,3,0,4,3,4,2,5,5,2,15,15,17
"361",1,0,0,18,1,0,0,0,0,0,1,3,3,1,0,1,0,0,0,1,2,0,4,1,4,1,1,3,8,11,12,14
"362",1,0,1,19,1,0,1,0,0,0,1,4,2,1,0,1,0,1,1,2,2,0,5,4,4,1,1,1,9,11,10,10
"363",1,0,0,18,1,0,0,0,0,1,1,4,4,1,0,1,0,0,0,1,2,0,4,4,4,3,3,5,0,12,11,13
"364",1,0,0,18,1,0,0,1,0,0,1,3,4,1,0,1,0,1,1,1,1,0,5,4,4,1,1,1,4,11,12,14
"365",1,0,0,17,1,0,1,0,0,0,1,4,4,1,0,0,0,1,0,1,1,0,5,3,4,1,2,5,2,14,15,17
"366",1,0,0,17,1,0,0,0,1,0,0,4,3,1,0,1,0,0,1,1,2,0,5,2,2,1,2,5,14,15,14,17
"367",0,0,0,17,1,1,0,0,1,0,0,3,3,1,1,1,0,0,0,1,2,0,5,3,3,1,1,5,0,12,12,13
"368",1,0,0,17,1,1,0,1,0,0,1,2,1,1,0,0,0,1,0,1,2,0,4,2,3,2,2,2,2,11,12,14
"369",1,0,1,18,1,1,0,1,0,0,1,4,4,1,0,1,0,0,0,1,1,0,4,2,5,3,4,5,2,8,9,11
"370",1,0,0,19,1,0,0,1,0,0,1,1,1,0,0,0,0,1,1,3,3,0,1,5,5,4,3,5,12,10,10,11
"371",1,0,0,19,1,1,0,1,0,0,0,1,1,1,0,1,0,0,1,3,2,2,5,3,4,1,1,4,2,8,8,9
"372",1,0,0,18,1,0,0,1,0,0,1,2,2,1,0,1,0,1,1,1,1,0,4,3,5,2,4,5,2,10,10,10
"373",1,0,0,17,1,0,0,1,0,0,1,2,2,0,0,1,0,0,1,1,2,0,4,2,2,1,1,3,4,14,13,13
"374",1,0,0,17,0,1,0,0,1,0,1,2,2,1,0,1,0,1,0,1,3,0,3,3,2,2,2,3,0,11,11,10
"375",1,0,0,17,1,0,0,0,1,0,1,3,1,1,0,1,0,0,0,1,3,0,3,4,3,2,3,5,0,17,18,17
"376",1,0,0,17,1,1,0,0,0,0,1,0,2,1,0,0,0,0,0,2,3,0,3,3,3,2,3,2,0,14,14,15
"377",0,0,0,18,1,0,0,1,0,0,1,1,1,1,0,0,0,1,0,2,3,0,4,5,5,1,2,2,0,14,14,14
"378",1,0,1,18,1,0,0,1,0,0,1,4,4,1,0,0,0,1,0,1,3,0,4,3,3,2,2,3,0,13,14,13
"379",1,0,1,17,1,0,0,1,0,0,1,3,3,1,0,0,0,1,0,1,1,0,4,3,5,3,5,5,0,17,18,17
"380",1,0,1,17,0,0,0,0,1,0,1,2,2,1,0,1,0,0,0,4,1,0,4,4,5,5,5,4,2,11,10,10
"381",1,0,0,17,1,0,0,0,0,1,1,4,4,1,0,1,0,1,0,1,3,0,5,4,4,1,3,4,0,13,12,13
"382",1,0,0,17,1,0,0,0,0,1,1,4,4,1,0,1,0,0,1,2,3,0,4,3,3,1,2,4,4,15,14,15
"383",1,0,0,17,1,0,0,0,0,0,1,3,3,1,0,1,1,1,0,1,1,0,4,2,5,2,5,5,2,11,12,11
"384",1,0,1,18,1,1,0,1,0,0,1,2,2,1,0,1,1,1,0,1,4,0,4,5,5,2,4,5,0,11,11,12
"385",1,0,1,19,0,0,0,0,0,0,1,3,2,0,0,1,0,0,1,1,1,0,5,3,4,2,2,5,0,11,10,10
"386",0,0,0,18,1,0,0,0,0,0,1,2,2,0,0,0,0,1,1,4,2,0,4,2,5,1,1,2,2,10,9,10
"387",1,0,0,17,0,0,0,0,0,0,1,2,4,1,0,1,0,0,1,1,3,0,4,4,3,1,1,5,0,15,15,15
"388",0,0,1,18,1,0,0,1,0,0,1,2,2,1,0,0,0,0,0,1,1,0,5,4,2,1,2,5,6,15,14,15
"389",1,0,0,18,1,0,0,0,1,0,1,3,3,1,0,0,0,1,0,1,2,0,5,3,4,1,1,4,8,10,11,12
"390",1,0,0,18,1,1,0,1,0,0,1,2,2,1,0,0,0,1,1,1,2,0,4,3,3,1,1,2,0,10,9,12
"391",1,0,0,18,0,0,0,0,0,0,1,2,2,0,0,0,0,1,0,2,4,0,4,4,4,1,1,4,6,14,13,14
"392",1,0,0,17,1,0,0,0,1,0,1,3,4,1,0,0,0,0,0,1,3,0,4,4,5,1,3,5,8,11,13,14
"393",1,0,0,17,1,0,0,1,0,0,1,3,2,1,0,1,0,0,1,1,2,0,4,3,2,2,3,2,0,12,13,15
"394",0,0,0,18,1,1,0,0,1,0,1,3,3,1,0,1,0,0,0,1,4,0,5,3,3,1,1,1,4,14,14,15
"395",1,0,0,17,0,0,0,1,0,0,0,3,2,1,0,1,0,0,0,1,2,0,4,3,3,2,3,2,0,14,14,16
"396",1,0,1,18,1,0,0,0,0,1,1,4,4,1,0,1,0,1,0,1,2,0,4,3,3,2,2,2,0,12,12,13
"397",1,0,1,18,1,1,0,0,1,0,1,3,4,1,0,0,0,1,1,1,2,0,4,3,3,1,3,5,6,16,16,17
"398",1,0,0,17,1,0,0,0,0,0,0,2,2,1,0,1,0,0,1,1,2,0,3,3,1,1,2,4,18,10,12,14
"399",1,0,0,18,1,0,0,0,0,0,1,2,3,1,0,1,0,0,0,1,3,0,4,3,3,1,2,3,0,11,12,14
"400",1,0,0,18,1,0,0,1,0,0,1,3,2,1,0,0,0,0,1,1,3,0,5,4,3,2,3,1,4,14,16,17
"401",1,0,1,18,0,0,0,0,0,1,1,4,3,1,0,0,0,0,1,1,3,0,5,3,2,1,2,4,4,15,14,17
"402",1,0,1,18,1,0,0,0,0,1,1,4,3,1,0,1,0,0,1,1,3,0,5,4,5,2,3,5,0,14,13,14
"403",0,0,0,17,1,0,1,0,0,0,1,4,3,1,0,1,0,1,1,1,3,0,4,4,3,1,3,4,0,11,12,13
"404",1,0,0,17,1,0,0,0,1,0,1,2,1,1,0,1,0,1,1,2,2,0,4,3,4,2,2,1,10,12,15,15
"405",1,0,0,17,1,0,0,0,1,0,1,2,1,1,0,1,0,1,0,1,2,0,4,3,5,2,4,4,4,12,16,16
"406",1,0,0,19,1,1,0,0,0,0,0,2,3,1,0,0,0,0,0,2,1,1,2,2,3,3,4,5,16,10,11,11
"407",1,0,0,17,1,0,0,1,0,0,1,3,1,1,0,1,1,0,1,1,1,1,4,1,2,1,1,3,6,10,13,13
"408",1,0,0,21,1,1,0,1,0,0,1,4,4,1,0,0,1,1,0,1,3,2,3,3,2,1,1,5,0,9,12,12
"409",1,0,1,18,1,1,0,0,1,0,1,2,2,1,0,1,0,1,0,1,2,0,4,4,4,1,3,3,11,9,11,12
"410",1,0,1,18,1,1,0,1,0,0,0,3,4,1,0,0,0,1,1,1,2,0,4,3,5,1,4,2,9,13,14,15
"411",1,0,0,17,1,0,0,0,1,0,1,2,2,1,0,1,0,1,0,1,2,0,4,3,4,1,3,4,0,13,17,17
"412",1,0,1,17,1,1,1,0,0,0,0,4,4,1,0,1,0,0,0,1,3,0,4,4,2,1,2,4,2,12,15,15
"413",0,0,0,18,1,1,0,0,0,1,1,4,2,1,0,1,0,1,0,1,2,0,4,2,2,1,1,3,0,14,17,17
"414",1,0,1,21,0,1,0,0,0,0,1,1,1,1,0,1,0,1,1,2,2,2,5,3,3,5,2,4,21,9,10,10
"415",1,0,0,20,0,0,0,1,0,0,1,1,1,1,0,0,0,0,1,2,3,0,3,2,2,1,3,3,8,11,15,15
"416",1,0,0,19,1,0,0,0,0,1,1,4,4,1,0,1,0,0,1,1,1,1,3,2,5,4,4,5,5,9,10,11
"417",1,0,1,17,1,1,0,1,0,0,0,3,2,1,0,1,0,0,0,1,2,0,4,4,4,1,2,5,10,16,18,18
"418",1,0,0,18,1,0,0,0,0,0,1,3,2,1,0,1,0,0,1,1,3,0,4,3,4,1,2,2,5,14,17,17
"419",1,0,1,18,0,0,0,1,0,0,1,2,3,1,0,0,0,0,0,1,1,0,3,1,3,4,5,4,13,13,14,14
"420",1,0,1,19,1,0,0,1,0,0,1,2,1,1,0,0,0,0,0,1,1,0,5,3,4,1,4,4,10,7,11,11
"421",1,0,0,18,1,1,0,0,1,0,0,2,2,1,0,1,0,0,0,2,2,0,4,1,4,1,3,4,10,14,17,17
"422",1,0,0,20,1,0,0,1,0,0,1,1,0,1,1,0,0,0,1,2,1,1,5,3,1,1,1,5,5,8,10,10
"423",0,0,0,18,1,0,0,0,1,0,1,3,2,1,0,1,0,1,1,1,2,0,3,1,2,1,2,1,4,10,13,13
"424",1,1,0,16,1,0,0,0,0,0,1,1,3,1,0,1,0,0,1,2,1,0,4,3,3,1,3,5,11,10,11,11
"425",1,1,0,16,0,0,0,1,0,0,1,2,2,1,0,1,0,1,0,2,2,0,4,4,4,1,1,5,0,12,12,12
"426",1,1,0,15,0,0,0,0,0,0,1,1,1,0,0,1,0,0,1,1,1,1,4,1,3,1,1,2,6,10,10,10
"427",1,1,0,15,0,0,0,0,0,0,1,3,3,1,0,1,0,0,0,2,1,0,5,4,4,2,3,5,4,10,10,11
"428",1,1,0,16,0,0,0,0,0,0,1,2,3,0,0,0,0,0,0,2,2,0,4,5,2,1,2,5,0,16,17,17
"429",1,1,0,15,0,1,0,0,0,0,1,2,1,0,0,0,0,0,0,2,1,0,1,3,4,1,1,1,0,6,8,9
"430",1,1,1,16,0,1,0,0,0,0,0,4,4,0,0,1,0,0,0,1,2,0,5,3,2,1,3,2,5,10,11,11
"431",1,1,1,16,1,0,0,1,0,0,0,1,2,1,1,0,0,0,0,1,3,0,4,4,3,1,1,5,0,10,11,11
"432",1,1,0,17,0,0,0,0,0,0,1,3,2,0,0,0,0,0,1,1,2,1,4,5,4,1,2,5,0,10,10,10
"433",1,1,0,17,0,0,0,1,0,0,1,1,1,1,0,1,0,0,0,1,1,1,5,4,4,2,2,5,0,6,6,7
"434",1,1,0,15,0,0,0,0,0,1,1,4,4,1,0,0,0,0,1,2,1,0,1,5,1,3,5,5,0,13,14,14
"435",1,1,0,16,1,1,0,0,0,0,0,2,2,0,0,0,0,1,1,2,4,0,1,2,1,1,1,1,4,10,9,11
"436",1,1,0,15,0,1,0,0,0,0,1,1,1,1,0,1,0,0,0,2,2,0,5,4,3,1,2,4,0,10,10,10
"437",1,1,0,15,0,1,0,1,0,0,1,1,1,1,0,1,0,0,1,2,1,1,4,4,3,1,2,2,4,6,7,8
"438",1,1,0,16,0,0,0,1,0,0,1,0,2,0,0,1,0,1,0,2,1,0,3,2,3,1,2,2,0,12,11,12
"439",1,1,0,17,0,0,0,1,0,0,1,2,3,1,0,1,0,0,0,2,1,0,5,5,5,1,3,3,2,10,11,12
"440",1,1,0,15,0,0,0,1,0,0,1,3,3,1,0,0,0,0,0,2,1,0,4,1,3,1,1,4,0,14,16,16
"441",1,1,1,16,1,0,0,0,0,0,1,1,1,0,0,1,0,1,1,2,2,0,5,4,5,4,5,3,0,7,0,0
"442",1,1,1,17,1,0,0,1,0,0,1,1,1,1,0,0,1,0,0,1,2,0,4,4,3,2,4,5,4,8,9,9
"443",1,1,1,15,0,1,1,0,0,0,1,4,1,1,0,1,0,1,0,1,2,0,5,3,4,1,2,2,0,12,13,14
"444",1,1,1,15,0,1,1,0,0,0,1,4,1,1,0,1,0,1,0,1,2,0,5,3,4,1,2,2,7,7,9,8
"445",1,1,1,16,0,0,0,1,0,0,1,3,4,0,0,0,0,0,0,3,2,0,3,4,5,1,2,5,4,9,10,11
"446",1,1,1,15,0,0,0,1,0,0,1,1,1,0,0,1,0,1,1,4,2,0,5,4,5,2,4,4,8,7,9,9
"447",1,1,1,15,1,1,0,0,0,0,1,3,3,1,0,1,0,1,0,1,2,0,5,3,3,1,1,5,0,11,11,11
"448",1,1,1,17,0,0,0,1,0,0,1,2,1,0,0,0,0,1,1,3,1,0,5,5,5,5,5,3,8,8,10,9
"449",1,1,0,16,0,0,0,0,0,1,1,4,4,1,0,0,0,1,1,2,3,0,4,2,2,1,1,4,6,16,16,17
"450",1,1,0,15,0,0,0,1,0,0,1,1,2,0,0,0,0,0,0,2,1,0,5,1,2,1,1,1,3,11,13,13
"451",1,1,0,16,0,0,0,1,0,0,1,2,3,1,0,1,0,0,0,3,2,0,4,5,4,1,2,1,2,15,15,15
"452",1,1,1,16,0,0,0,1,0,0,1,1,2,0,0,0,0,0,0,2,2,0,4,3,3,1,1,5,0,10,11,11
"453",1,1,0,16,0,0,0,1,0,0,1,2,2,1,0,1,0,0,0,3,2,0,4,4,5,1,1,4,4,9,10,11
"454",1,1,0,16,1,0,0,1,0,0,1,1,2,0,0,1,0,0,0,1,3,1,1,3,2,1,2,4,0,10,8,8
"455",1,1,0,16,1,0,0,1,0,0,1,1,2,0,0,1,0,0,0,1,3,1,1,3,2,1,2,4,3,9,8,8
"456",1,1,0,15,1,0,0,0,0,0,1,2,1,1,1,1,0,0,0,1,2,0,4,4,2,3,3,2,0,9,10,9
"457",1,1,0,16,1,0,0,0,0,0,1,1,1,0,0,1,0,0,1,1,2,0,5,4,3,2,1,2,0,13,14,15
"458",1,1,1,17,0,1,0,0,0,0,1,1,2,1,0,1,0,1,0,1,1,0,5,5,5,5,5,3,4,10,11,11
"459",1,1,0,16,0,0,0,1,0,0,1,1,1,1,0,1,0,0,0,4,4,0,4,3,2,1,1,1,0,13,10,13
"460",1,1,0,16,0,0,0,0,0,0,1,1,1,0,1,1,0,0,0,4,3,0,4,4,3,1,1,5,2,10,9,10
"461",1,1,0,15,0,0,0,0,0,0,1,1,1,1,0,1,0,1,0,2,2,0,4,3,3,1,1,2,1,11,10,11
"462",1,1,0,16,0,0,0,0,0,0,1,1,1,1,0,0,0,1,1,2,1,0,4,2,2,4,3,2,0,13,12,14
"463",1,1,0,15,0,0,0,0,0,0,1,1,1,0,0,1,0,0,0,3,2,0,4,2,1,1,2,2,0,13,14,14
"464",1,1,0,15,0,1,0,1,0,0,1,2,2,0,1,1,0,0,0,1,3,0,4,4,3,2,2,5,2,14,11,12
"465",0,1,1,16,0,0,0,0,0,0,1,1,1,0,0,0,0,1,0,2,1,0,3,4,4,3,4,5,6,11,11,11
"466",1,1,0,18,1,0,0,1,0,0,1,1,2,1,0,1,0,1,1,1,2,1,3,4,4,2,3,5,9,9,8,8
"467",1,1,1,15,1,0,0,1,0,0,1,3,1,0,0,1,0,0,0,2,1,0,3,2,3,1,3,4,0,10,9,11
"468",1,1,0,16,0,0,0,1,0,0,1,2,2,1,0,1,0,1,0,3,2,0,5,3,4,1,1,2,1,14,13,14
"469",1,1,1,15,1,0,1,0,0,0,1,2,2,0,0,0,0,0,0,3,1,0,4,3,3,1,2,4,1,13,12,13
"470",1,1,1,16,1,0,0,1,0,0,1,4,4,0,0,1,0,1,1,1,2,0,4,3,1,1,1,3,0,13,12,13
"471",1,1,0,15,0,0,0,0,1,0,1,3,3,1,0,1,0,0,1,1,2,0,4,5,4,1,1,1,4,13,12,12
"472",0,1,0,16,0,0,0,0,0,0,1,2,2,0,0,1,0,1,0,2,2,1,4,4,4,2,3,5,2,12,11,12
"473",1,1,0,16,0,1,0,1,0,0,1,2,2,0,0,1,0,1,1,3,1,0,4,3,2,1,1,4,0,14,14,16
"474",1,1,1,16,1,1,0,0,0,0,1,2,1,1,0,1,0,1,0,2,1,0,2,4,3,2,3,4,4,10,8,10
"475",1,1,1,15,0,1,0,0,0,0,1,1,3,1,0,1,0,1,0,3,1,0,4,2,4,3,5,3,2,10,11,11
"476",1,1,0,15,1,0,0,1,0,0,1,2,2,0,0,1,0,1,0,2,3,0,5,3,2,1,1,4,0,12,13,14
"477",0,1,0,16,0,1,0,1,0,0,1,2,1,1,0,1,0,0,1,1,1,0,5,4,3,1,1,5,2,10,8,8
"478",1,1,1,15,1,0,0,0,1,0,1,3,3,1,0,1,0,1,0,2,1,0,4,3,3,2,4,3,11,12,10,11
"479",1,1,0,16,0,0,0,0,0,0,1,1,1,0,1,1,0,0,0,2,2,3,3,4,3,1,1,1,0,7,7,8
"480",0,1,0,17,1,0,0,1,0,0,1,2,2,0,0,1,0,1,0,1,1,0,4,5,3,1,1,5,4,9,9,10
"481",1,1,0,19,1,0,0,0,0,0,1,2,3,1,0,0,0,0,1,1,1,1,4,4,4,1,1,2,0,9,9,10
"482",1,1,0,17,0,0,0,0,0,0,1,2,1,0,0,1,0,1,1,3,1,0,5,5,3,1,1,3,2,9,10,11
"483",1,1,0,15,0,1,0,0,0,0,1,1,1,0,0,1,0,0,1,2,1,0,5,2,1,1,3,4,0,9,10,9
"484",0,1,0,16,0,0,0,1,0,0,1,2,2,1,0,1,0,0,0,3,2,0,3,4,5,1,2,1,1,9,10,11
"485",1,1,0,16,1,1,0,1,0,0,0,2,2,0,0,1,0,0,0,1,1,0,4,3,4,1,2,1,6,7,7,8
"486",0,1,0,17,0,0,0,0,0,0,1,2,2,1,0,1,0,0,0,2,2,0,4,3,5,1,2,4,0,11,10,11
"487",1,1,0,16,1,0,0,1,0,0,1,2,2,1,0,1,1,1,0,1,1,1,4,4,3,1,4,3,1,9,10,10
"488",1,1,0,18,0,1,0,1,0,0,0,3,2,0,0,1,0,0,1,2,3,2,3,3,2,1,1,2,6,7,9,10
"489",0,1,0,19,1,0,0,0,0,0,1,1,1,0,0,0,0,1,1,1,3,1,5,3,1,1,1,3,6,7,9,9
"490",1,1,1,18,0,0,0,1,0,0,1,1,1,1,0,0,0,1,0,2,1,1,4,4,3,3,4,4,0,8,9,10
"491",1,1,0,18,0,0,0,0,0,0,1,1,1,1,0,0,0,0,1,2,1,1,3,2,3,1,1,2,4,9,11,10
"492",1,1,0,19,1,0,0,1,0,0,1,1,1,1,0,1,0,0,1,2,2,1,1,1,4,4,1,1,12,7,8,9
"493",1,1,0,16,0,0,1,0,0,0,0,2,2,0,0,0,0,0,1,1,2,0,3,3,2,1,1,3,2,8,10,10
"494",0,1,0,17,1,0,0,1,0,0,1,0,1,0,0,0,0,1,0,2,1,0,2,4,4,3,5,5,5,9,9,10
"495",1,1,0,16,0,1,0,0,0,0,1,1,2,1,0,0,0,1,0,1,2,0,4,4,5,1,3,3,0,8,9,9
"496",0,1,0,16,1,0,0,1,0,0,1,3,3,1,0,0,0,1,1,1,1,0,4,5,4,1,1,4,0,14,13,13
"497",1,1,0,16,0,1,0,0,1,0,1,1,1,1,0,1,0,1,1,1,1,0,4,4,4,2,2,4,2,14,14,14
"498",1,1,1,17,1,0,0,0,1,0,1,3,3,0,0,1,1,1,0,2,4,1,5,4,5,3,4,5,0,10,11,10
"499",1,1,0,16,1,0,0,1,0,0,1,2,1,1,0,1,0,1,0,1,2,0,5,3,3,1,1,1,0,14,13,14
"500",1,1,0,16,1,0,0,0,1,0,1,2,2,0,0,1,1,1,1,1,1,0,4,2,5,1,2,5,0,17,16,16
"501",1,1,1,17,1,0,0,1,0,0,1,1,2,1,0,1,0,1,1,1,1,1,5,3,5,5,5,1,12,6,7,7
"502",0,1,1,16,1,1,0,1,0,0,1,4,3,1,0,0,0,1,0,1,1,0,4,2,5,1,5,5,8,14,12,13
"503",1,1,1,17,0,1,0,0,1,0,1,2,2,0,0,1,0,0,0,3,4,1,1,3,5,3,5,3,2,10,8,9
"504",1,1,0,16,1,0,0,1,0,0,1,1,1,1,1,1,0,1,0,1,4,0,2,2,1,1,1,5,0,14,14,14
"505",1,1,0,19,1,1,0,1,0,0,1,2,2,1,0,0,0,0,1,1,3,0,5,4,5,1,1,1,0,12,13,13
"506",0,1,0,17,0,0,0,0,0,0,1,1,1,1,0,1,0,1,1,2,1,0,4,4,5,1,2,5,0,11,11,11
"507",1,1,0,20,1,0,0,0,0,0,1,3,3,1,0,0,0,1,1,2,2,1,3,3,4,2,4,3,8,11,9,10
"508",1,1,0,17,1,1,0,1,0,0,1,1,1,0,0,1,0,0,1,1,3,0,4,3,3,1,1,3,0,11,11,10
"509",1,1,1,17,0,0,0,1,0,0,1,2,2,1,0,1,0,0,0,3,1,1,4,4,5,1,2,5,0,10,9,9
"510",1,1,0,16,0,1,0,0,0,0,1,1,1,0,0,1,0,0,0,3,2,0,5,3,2,1,1,1,0,16,17,18
"511",1,1,0,17,0,0,0,1,0,0,1,2,2,0,0,1,0,1,0,2,2,0,5,3,2,1,1,1,0,15,17,17
"512",1,1,0,17,1,0,0,1,0,0,0,1,0,1,0,0,0,0,1,2,2,0,4,4,5,1,1,4,1,11,9,10
"513",0,1,0,18,0,0,0,0,0,0,1,1,1,1,0,1,0,0,1,1,2,1,4,3,2,1,1,5,9,7,7,7
"514",0,1,0,16,1,0,0,1,0,0,1,3,1,1,0,0,0,1,0,1,1,0,3,1,3,1,3,1,0,8,6,8
"515",1,1,0,16,1,0,0,0,1,0,1,3,2,1,0,0,0,0,0,1,1,0,3,1,3,1,4,3,2,7,6,7
"516",1,1,0,18,1,1,0,1,0,0,1,1,1,0,1,0,0,0,0,2,2,0,2,3,5,1,4,3,8,9,8,10
"517",1,1,0,16,0,0,1,0,0,0,1,4,4,1,0,0,0,1,1,1,2,0,4,3,3,2,3,2,0,14,16,16
"518",1,1,0,16,0,1,0,1,0,0,1,1,2,1,0,0,0,1,0,2,1,0,5,4,5,1,4,2,0,14,14,15
"519",1,1,0,18,1,0,0,1,0,0,0,2,4,1,0,1,0,0,0,1,2,1,2,3,2,1,3,1,8,8,5,8
"520",1,1,1,16,0,0,0,1,0,0,1,2,1,1,0,0,0,1,0,2,2,0,5,2,1,1,1,2,0,8,7,0
"521",1,1,0,16,1,1,0,0,0,0,1,1,1,1,0,1,0,0,0,3,2,0,4,3,2,1,3,5,6,6,8,8
"522",1,1,0,16,0,0,0,0,0,0,1,2,3,1,0,1,0,1,0,2,2,0,3,3,3,1,1,2,0,8,10,10
"523",1,1,0,16,1,0,1,0,0,0,1,4,4,1,0,1,0,0,1,1,2,0,4,3,4,1,2,3,4,8,8,8
"524",1,1,1,18,1,1,0,0,0,0,1,4,4,1,0,1,0,1,1,1,4,0,5,5,5,5,5,5,2,5,6,6
"525",1,1,0,16,0,1,0,0,0,0,1,3,4,0,0,1,0,0,0,3,2,0,4,2,1,1,1,2,2,7,9,8
"526",1,1,1,17,1,1,0,1,0,0,1,4,4,1,0,1,0,0,0,1,3,0,4,4,3,1,2,5,0,15,14,16
"527",1,1,0,17,0,0,0,1,0,0,1,4,1,1,0,0,0,0,1,1,1,0,4,2,3,1,2,5,1,13,14,14
"528",0,1,1,16,1,1,0,0,1,0,1,2,2,0,0,0,0,0,0,4,3,0,5,1,3,2,2,3,0,10,9,10
"529",0,1,0,17,0,0,0,0,0,0,1,2,2,1,0,1,1,0,0,1,1,0,5,1,3,1,2,5,5,9,9,9
"530",1,1,0,16,1,1,0,0,1,0,1,4,4,0,0,1,0,0,0,2,1,0,5,1,3,1,2,5,1,11,11,11
"531",0,1,1,17,1,0,0,0,1,0,1,3,3,1,0,1,0,1,0,1,1,0,4,1,4,5,5,3,8,7,10,9
"532",1,1,1,17,1,0,0,0,0,0,1,1,1,1,0,0,0,0,1,3,2,0,5,1,3,3,3,1,0,10,10,10
"533",1,1,1,16,1,0,1,0,0,0,1,2,1,1,0,0,0,0,1,2,2,0,4,2,2,1,4,5,2,9,7,8
"534",0,1,0,16,1,1,0,1,0,0,1,2,1,1,0,0,0,0,1,1,2,0,3,2,2,1,1,3,0,14,15,16
"535",0,1,1,16,1,1,0,0,0,1,1,4,4,1,0,1,0,0,0,1,1,0,4,1,2,2,5,5,0,11,12,12
"536",1,1,1,15,0,0,0,1,0,0,1,1,2,0,0,1,0,1,0,3,2,0,5,5,5,1,3,5,11,9,11,10
"537",0,1,1,15,1,1,0,1,0,0,0,2,2,0,0,1,0,1,0,3,4,0,5,4,5,2,3,5,8,13,14,14
"538",1,1,1,15,1,1,0,0,1,0,0,2,1,1,0,0,0,1,0,1,1,0,4,3,3,1,2,5,11,12,13,12
"539",1,1,0,16,0,1,0,1,0,0,1,2,2,0,0,1,0,0,1,1,3,0,4,3,3,2,2,5,2,11,11,11
"540",1,1,0,16,1,1,0,1,0,0,1,4,1,1,0,1,0,1,0,2,2,0,1,2,4,2,2,1,8,9,10,10
"541",1,1,0,17,1,0,0,0,0,0,1,3,2,0,0,0,0,0,1,2,1,0,4,3,3,2,2,1,5,9,11,11
"542",1,1,0,17,0,0,0,1,0,0,1,2,2,0,1,0,1,0,0,2,2,0,5,1,3,1,1,5,0,11,9,11
"543",0,1,0,16,1,0,0,0,0,1,1,4,4,1,0,1,0,0,1,2,3,0,5,3,5,1,4,5,1,10,11,12
"544",1,1,1,17,0,0,1,0,0,0,1,4,4,1,0,0,0,1,1,3,1,3,3,3,3,1,3,5,2,9,9,8
"545",1,1,1,17,0,1,0,1,0,0,1,1,3,0,0,0,0,1,1,2,1,0,5,1,2,3,3,5,2,12,11,12
"546",1,1,1,17,1,0,0,0,1,0,1,3,4,1,0,1,0,1,1,1,2,1,5,4,4,3,4,5,8,8,9,8
"547",1,1,0,17,1,0,1,0,0,0,1,4,4,1,0,1,0,0,0,1,2,0,5,2,5,1,1,5,0,13,15,16
"548",1,1,1,16,0,1,0,1,0,0,1,4,1,1,0,0,0,0,0,1,1,0,4,1,2,2,1,2,0,10,11,11
"549",0,1,0,17,1,0,0,0,0,0,0,1,1,1,0,0,0,1,1,1,2,0,4,5,5,1,2,3,2,11,10,11
"550",0,1,0,17,0,0,0,1,0,0,1,4,2,1,1,1,0,0,0,2,2,0,4,3,3,2,3,5,0,17,18,18
"551",1,1,1,16,1,1,0,1,0,0,0,2,2,1,0,1,0,0,1,2,2,0,4,1,2,2,2,5,0,12,13,13
"552",1,1,1,17,1,0,0,1,0,0,1,3,2,1,0,1,1,0,0,2,2,0,4,1,2,2,2,1,0,13,14,13
"553",1,1,1,19,1,0,0,1,0,0,1,1,1,1,0,1,0,1,0,1,2,2,4,4,3,3,4,4,2,9,9,10
"554",1,1,1,17,1,1,0,1,0,0,0,1,0,0,0,0,0,0,1,1,1,0,4,1,2,1,1,5,4,11,11,12
"555",0,1,0,17,0,0,0,0,0,0,1,1,1,1,0,1,0,1,1,2,1,0,3,5,5,2,2,4,3,10,11,10
"556",0,1,0,16,0,0,0,1,0,0,1,1,2,1,1,1,0,0,1,1,3,0,4,3,4,1,1,3,5,13,14,13
"557",1,1,1,16,0,1,0,1,0,0,1,1,2,0,0,0,0,0,0,1,1,0,4,4,4,2,4,5,4,9,10,11
"558",0,1,0,17,0,0,0,1,0,0,1,3,1,1,0,1,0,1,1,2,2,3,5,4,4,1,1,5,2,7,9,10
"559",1,1,1,17,0,0,0,1,0,0,1,2,2,0,0,0,0,1,1,2,1,0,5,5,5,3,5,5,0,8,13,10
"560",1,1,1,18,0,0,0,0,0,0,1,1,0,0,1,1,0,0,0,3,1,1,4,3,2,1,1,4,0,12,12,13
"561",1,1,1,17,0,0,0,1,0,0,1,1,1,1,0,1,0,1,1,2,1,0,4,5,5,1,3,2,0,10,9,10
"562",1,1,1,18,1,1,0,0,0,0,1,1,1,0,0,1,0,1,0,2,2,0,4,3,3,1,4,5,6,10,9,10
"563",1,1,0,16,0,1,0,1,0,0,1,2,2,0,0,0,0,1,1,1,2,0,5,4,3,1,1,1,0,11,13,12
"564",1,1,1,17,1,0,0,1,0,0,1,2,2,0,0,0,0,1,1,1,1,1,1,2,1,2,3,5,0,7,0,0
"565",1,1,1,16,0,0,0,0,1,0,1,3,2,1,0,0,0,0,0,2,1,0,4,5,5,2,3,5,2,11,9,10
"566",1,1,1,16,0,1,0,0,0,0,1,1,1,1,0,0,0,1,0,2,1,0,4,5,5,2,4,5,0,10,10,9
"567",1,1,1,18,0,0,0,0,1,0,1,1,1,1,0,1,0,0,1,2,1,1,5,3,3,2,3,5,2,9,7,9
"568",1,1,1,18,0,0,0,0,1,0,1,3,2,1,0,0,0,0,0,1,1,1,2,3,1,2,2,5,0,4,0,0
"569",0,1,1,19,1,0,0,0,0,0,1,3,2,0,0,0,0,1,0,2,1,3,3,2,1,1,1,3,4,6,11,9
"570",1,1,1,18,1,0,0,0,0,0,1,3,3,1,0,1,0,1,0,1,2,2,4,4,5,1,3,3,9,4,8,8
"571",0,1,1,16,0,0,0,0,1,0,1,2,2,1,0,1,0,1,1,2,1,0,5,4,3,2,4,4,6,7,8,8
"572",1,1,1,19,1,0,0,0,0,0,1,2,1,1,0,0,0,1,1,2,1,3,4,4,3,1,3,5,4,8,9,9
"573",1,1,0,16,1,0,0,0,1,0,0,3,2,0,0,1,0,1,1,2,2,2,2,5,5,1,1,1,8,5,5,7
"574",1,1,0,17,1,0,0,1,0,0,1,1,1,0,0,1,0,1,0,1,1,0,4,3,2,1,2,5,9,7,9,10
"575",1,1,1,20,0,0,0,1,0,0,1,1,1,1,0,1,0,0,1,2,1,1,4,4,3,2,4,4,12,8,11,10
"576",1,1,0,18,0,0,0,0,1,0,0,4,3,1,0,1,0,0,0,1,1,0,5,4,4,3,4,2,8,10,11,10
"577",1,1,1,18,0,0,0,1,0,0,1,3,2,1,0,1,0,0,0,2,1,0,2,5,5,5,5,5,8,9,10,11
"578",1,1,1,19,0,0,0,1,0,0,1,1,1,1,0,0,0,0,0,3,2,1,5,4,4,3,3,2,8,10,9,11
"579",1,1,1,17,1,0,1,0,0,0,1,3,3,1,0,1,0,0,0,2,2,1,4,5,4,2,3,3,4,8,9,10
"580",1,1,1,18,1,1,0,0,0,0,1,1,3,1,0,0,0,0,1,1,1,0,4,3,3,2,3,3,0,9,10,9
"581",0,1,1,19,0,0,0,1,0,0,1,1,1,1,0,1,0,0,0,3,1,1,4,4,4,3,3,5,4,8,9,10
"582",1,1,0,18,1,0,0,0,0,0,0,1,2,0,0,1,0,0,0,2,2,2,4,3,3,1,1,5,2,6,8,8
"583",1,1,0,19,1,1,0,0,0,0,0,1,1,0,0,1,0,0,0,1,1,0,1,4,4,1,1,5,0,6,8,7
"584",0,1,0,18,0,0,0,1,0,0,1,2,2,1,0,0,0,0,1,2,1,1,5,5,5,1,1,3,0,8,6,0
"585",1,1,0,17,0,0,0,0,0,0,1,0,0,1,0,1,0,0,0,2,1,0,4,4,3,1,1,5,0,10,11,11
"586",0,1,0,17,0,1,0,1,0,0,0,3,1,0,0,1,1,0,0,2,3,0,4,2,3,2,2,3,5,8,7,8
"587",1,1,0,17,1,0,0,0,0,1,1,4,2,1,1,1,0,1,0,1,2,0,5,5,5,1,3,5,0,8,8,0
"588",1,1,0,18,0,1,0,0,1,0,1,2,2,1,0,1,0,1,0,1,2,1,2,3,3,1,2,4,3,7,6,8
"589",1,1,0,17,1,0,1,0,0,0,1,4,1,0,0,1,0,0,1,1,1,0,3,2,2,1,1,5,0,8,10,9
"590",1,1,0,17,1,1,0,0,0,0,1,1,2,1,0,0,0,0,0,1,1,0,5,5,1,1,1,3,0,7,10,10
"591",1,1,0,18,1,0,0,1,0,0,1,1,1,0,0,0,0,1,1,3,2,2,3,4,4,2,2,5,3,7,8,7
"592",1,1,0,18,1,0,0,0,1,0,1,2,2,1,0,0,0,1,0,2,2,0,4,3,5,1,1,1,2,12,13,14
"593",1,1,0,17,1,0,0,0,1,0,1,3,3,1,0,1,0,0,0,2,1,0,4,4,3,1,1,4,0,11,12,13
"594",0,1,0,18,1,1,0,0,0,0,0,1,2,1,0,0,0,0,0,2,2,0,4,4,3,1,2,4,0,12,13,14
"595",0,1,0,18,1,0,0,0,0,1,1,4,4,1,0,0,0,1,0,2,2,0,4,3,5,1,2,1,0,18,18,18
"596",1,1,1,18,1,1,0,0,1,0,1,4,4,1,0,1,0,1,0,1,1,0,5,4,5,1,1,5,3,17,17,17
"597",0,1,0,17,1,0,0,1,0,0,1,4,2,1,0,1,0,0,0,2,2,0,4,3,3,1,2,4,0,17,18,18
"598",1,1,0,18,0,0,0,0,0,0,1,2,2,0,0,0,0,1,1,3,2,1,4,3,3,1,1,4,0,9,0,0
"599",1,1,1,18,1,1,0,0,0,0,1,1,2,0,0,1,0,0,0,2,1,0,4,1,4,5,5,1,8,10,11,11
"600",0,1,1,18,0,0,0,0,0,0,1,4,4,1,0,1,1,1,1,3,1,0,2,5,5,1,1,1,5,12,13,14
"601",1,1,1,17,0,0,0,1,0,0,1,1,1,0,0,0,0,0,0,3,1,0,4,2,3,3,4,4,4,12,13,14
"602",1,1,0,18,1,0,0,1,0,0,1,2,2,1,0,1,0,0,1,2,2,0,1,3,1,1,1,2,4,8,8,10
"603",0,1,0,18,1,1,0,0,1,0,1,2,2,1,0,0,0,0,1,2,3,0,5,4,5,1,4,3,0,11,12,13
"604",1,1,0,18,0,1,0,0,0,1,0,4,2,1,0,0,0,1,1,1,2,0,5,3,1,1,1,5,0,5,0,0
"605",1,1,0,18,1,0,0,0,0,0,1,1,1,0,0,0,0,0,0,3,2,1,4,4,2,1,2,2,2,9,10,10
"606",1,1,0,19,1,0,0,0,0,0,1,1,1,0,0,0,0,0,0,2,1,1,5,5,5,2,3,2,0,5,0,0
"607",1,1,0,17,1,0,0,0,0,1,1,4,2,1,0,0,0,0,1,2,4,0,4,2,3,3,1,5,0,18,18,18
"608",0,1,0,17,0,1,0,0,1,0,0,2,1,1,0,0,0,1,1,2,2,0,5,3,3,1,2,2,5,11,11,12
"609",0,1,0,18,1,1,0,0,0,0,0,1,1,0,0,0,0,0,1,1,2,0,5,2,3,1,2,3,2,8,10,11
"610",1,1,0,18,1,0,0,0,0,0,1,1,2,0,0,1,0,0,0,2,2,0,4,1,1,1,1,4,0,11,11,12
"611",0,1,0,19,0,0,0,0,0,0,0,1,1,0,0,1,0,1,1,2,2,3,3,5,4,1,4,1,0,8,0,0
"612",1,1,0,18,0,0,0,0,1,0,1,2,2,1,0,0,0,0,1,2,3,0,4,2,1,1,1,4,5,14,14,15
"613",1,1,1,17,0,0,0,0,1,0,1,4,3,1,0,1,1,1,1,2,2,1,4,5,5,1,3,2,4,10,11,11
"614",0,1,0,18,1,0,0,0,1,0,1,3,3,0,0,1,0,0,1,1,2,0,5,3,4,1,1,5,0,10,10,10
"615",1,1,0,17,0,0,0,0,0,1,1,4,4,1,0,1,1,1,0,2,2,0,4,3,3,1,2,5,2,12,12,12
"616",1,1,0,17,1,1,0,0,1,0,0,3,2,0,0,0,0,0,1,2,2,0,1,2,3,1,2,5,0,15,14,15
"617",0,1,1,18,1,1,0,1,0,0,1,1,1,1,0,0,0,0,1,2,1,0,3,3,2,1,2,3,2,14,13,14
"618",1,1,0,18,1,1,0,0,0,0,1,1,1,1,0,0,0,0,0,2,3,0,5,3,2,1,1,4,0,19,17,18
"619",1,1,0,18,0,1,0,0,0,0,0,1,2,0,0,0,0,0,1,3,2,0,4,3,4,1,4,5,0,16,15,15
"620",1,1,0,18,1,0,0,0,1,0,1,3,3,1,0,1,0,0,1,2,2,0,4,3,2,1,3,3,6,13,12,13
"621",1,1,0,17,1,1,0,0,0,0,1,4,4,1,0,1,0,1,1,1,2,0,2,3,4,1,1,1,4,15,14,15
"622",1,1,0,17,0,0,0,1,0,0,1,1,2,0,0,0,0,0,0,2,2,0,3,2,2,1,2,3,0,13,13,13
"623",1,1,1,18,0,0,0,0,0,0,1,1,3,0,0,1,1,0,0,2,2,0,3,3,4,2,4,3,0,8,10,9
"624",1,1,1,18,1,1,0,0,0,1,1,4,4,1,0,0,0,0,1,2,3,0,4,2,2,2,2,5,0,15,16,16
"625",1,1,0,17,0,0,0,1,0,0,1,1,1,1,0,1,0,0,1,3,1,1,5,2,1,1,2,1,0,8,8,9
"626",0,1,0,18,1,0,0,0,0,0,1,2,3,1,0,1,0,0,1,2,1,0,5,2,3,1,2,4,0,10,10,10
"627",1,1,0,18,0,0,0,1,0,0,1,4,4,1,0,1,0,0,1,3,2,0,3,2,2,4,2,5,0,7,5,0
"628",1,1,1,18,0,1,0,0,0,0,1,1,2,1,0,1,0,1,1,3,1,0,4,3,3,2,3,3,3,9,10,10
"629",0,1,0,17,1,0,0,1,0,0,1,2,2,0,0,0,0,1,1,1,3,0,3,4,3,1,1,3,8,10,11,12
"630",1,1,0,17,0,0,0,1,0,0,1,1,2,1,0,0,0,1,0,1,1,0,3,5,5,1,3,1,4,7,8,9
"631",1,1,0,18,0,1,0,1,0,0,1,4,4,1,0,0,0,0,0,2,3,0,5,4,4,1,1,1,0,15,17,17
"632",1,1,0,18,0,0,0,1,0,0,1,1,1,1,0,0,0,0,0,4,3,0,4,3,2,1,2,4,4,10,11,12
"633",1,1,0,19,0,0,0,0,0,0,1,1,1,1,0,1,0,0,1,2,2,1,4,3,3,1,1,3,4,7,8,9
"634",1,1,0,18,0,1,0,0,0,1,1,4,4,1,0,0,0,1,0,1,2,0,5,4,3,3,4,2,1,13,14,14
"635",0,1,0,18,1,0,0,1,0,0,1,3,3,1,0,0,0,0,1,1,2,0,4,1,3,1,2,1,1,16,16,16
"636",1,1,0,17,0,0,0,0,0,0,1,3,1,1,0,1,0,1,0,1,2,0,4,5,4,2,3,1,10,8,9,9
"637",1,1,1,18,1,0,0,0,0,1,1,4,4,1,0,0,0,1,0,1,2,0,3,2,4,1,4,2,4,17,18,19
"638",0,1,1,18,0,0,0,1,0,0,1,2,1,1,0,0,0,1,1,2,1,0,4,4,3,1,3,5,0,7,7,0
"639",1,1,1,17,1,0,0,1,0,0,1,2,3,1,0,0,0,1,0,2,2,0,4,4,3,1,1,3,4,14,15,16
"640",1,1,1,19,0,0,0,1,0,0,1,1,1,0,0,0,0,0,0,2,1,1,4,3,2,1,3,5,0,5,8,0
"641",1,1,1,18,0,0,0,1,0,0,1,4,2,0,0,0,1,0,0,2,1,1,5,4,3,4,3,3,0,7,7,0
"642",1,1,0,18,0,0,0,0,0,0,1,2,2,0,0,0,0,0,0,2,3,0,5,3,3,1,3,4,0,14,17,15
"643",1,1,0,17,1,0,0,0,0,1,1,4,3,1,0,0,0,0,0,2,2,0,5,5,4,1,1,1,0,6,9,11
"644",1,1,0,18,0,0,0,0,0,1,1,4,4,1,0,1,0,1,1,3,1,0,4,4,3,2,2,5,4,7,9,10
"645",1,1,0,19,0,0,0,0,1,0,1,2,3,1,0,0,0,1,0,1,3,1,5,4,2,1,2,5,4,10,11,10
"646",1,1,0,18,1,1,0,0,0,1,1,3,1,1,0,1,0,0,0,1,2,0,4,3,4,1,1,1,4,15,15,16
"647",1,1,0,18,1,0,0,1,0,0,1,1,1,0,0,0,0,1,0,2,2,0,1,1,1,1,1,5,6,11,12,9
"648",1,1,1,17,1,1,0,0,1,0,1,3,1,1,0,0,0,0,0,2,1,0,2,4,5,3,4,2,6,10,10,10
"649",1,1,1,18,0,1,0,0,1,0,1,3,2,1,0,0,0,0,0,3,1,0,4,4,1,3,4,5,4,10,11,11
